session_id,config_id,browser_profile,mux_mode,parallel,padding_mode,resolver_mode,success,pcap_file,browser_log,pcap_size_bytes,packet_count,out_packets,in_packets,unknown_packets,out_payload_bytes,in_payload_bytes,total_payload_bytes,flow_duration_seconds,burst_count,len_1,len_2,len_3,len_4,len_5,len_6,len_7,len_8,len_9,len_10,len_11,len_12,len_13,len_14,len_15,len_16,len_17,len_18,len_19,len_20,detector_proxy_probability,public_robust_log_distance,public_robust_log_distance_norm,compliance_score,compliance_penalty,overhead_norm,praxis_score_phase17
RQ7_CONFIRM_baseline_default_off_01,baseline_default_off,default,off,1,none,standard_dns,1,/opt/praxis/pcaps/RQ7_CONFIRM_baseline_default_off_01.pcap,/opt/praxis/logs/RQ7_CONFIRM_baseline_default_off_01_browser.json,21665,70,36,34,0,10586,4831,15417,1.141853,44,0,0,0,1759,0,-1369,0,80,655,0,-255,0,-255,0,-208,0,-366,0,0,0,1.0,14.544491704778494,0.38372329777237746,1,0.0,0.8678970373967946,0.6276980060901718
RQ7_CONFIRM_baseline_default_off_02,baseline_default_off,default,off,1,none,standard_dns,1,/opt/praxis/pcaps/RQ7_CONFIRM_baseline_default_off_02.pcap,/opt/praxis/logs/RQ7_CONFIRM_baseline_default_off_02_browser.json,21417,69,35,34,0,10426,4831,15257,1.139745,44,0,0,0,1759,0,-1369,0,80,655,0,-255,0,-255,0,-208,0,-366,0,0,0,1.0,14.540383430360755,0.381898231104599,1,0.0,0.7474502185526954,0.6210368918142444
RQ7_CONFIRM_baseline_default_off_03,baseline_default_off,default,off,1,none,standard_dns,1,/opt/praxis/pcaps/RQ7_CONFIRM_baseline_default_off_03.pcap,/opt/praxis/logs/RQ7_CONFIRM_baseline_default_off_03_browser.json,21521,68,35,33,0,10618,4831,15449,1.139794,42,0,0,0,1823,0,-1369,0,80,655,0,-255,0,-255,0,-574,0,0,0,0,0,1.0,13.71123395133492,0.01355548597490977,1,0.0,0.7979601748421564,0.4946424288333262
RQ7_CONFIRM_baseline_default_off_04,baseline_default_off,default,off,1,none,standard_dns,1,/opt/praxis/pcaps/RQ7_CONFIRM_baseline_default_off_04.pcap,/opt/praxis/logs/RQ7_CONFIRM_baseline_default_off_04_browser.json,21337,67,34,33,0,10522,4831,15353,1.145909,40,0,0,0,1823,0,-1369,0,80,655,0,-255,0,-255,0,-208,-366,0,0,0,0,1.0,14.51109764677764,0.3688882658436278,1,0.0,0.708596406022341,0.6145407133463868
RQ7_CONFIRM_baseline_default_off_05,baseline_default_off,default,off,1,none,standard_dns,1,/opt/praxis/pcaps/RQ7_CONFIRM_baseline_default_off_05.pcap,/opt/praxis/logs/RQ7_CONFIRM_baseline_default_off_05_browser.json,21369,67,34,33,0,10554,4831,15385,1.147163,44,0,0,0,1727,0,-1369,0,80,655,0,-255,0,-255,0,-574,0,0,0,0,2062,1.0,15.697704002649182,0.8960282491233397,1,0.0,0.7241379310344828,0.7998167837448931
RQ7_CONFIRM_baseline_default_off_06,baseline_default_off,default,off,1,none,standard_dns,1,/opt/praxis/pcaps/RQ7_CONFIRM_baseline_default_off_06.pcap,/opt/praxis/logs/RQ7_CONFIRM_baseline_default_off_06_browser.json,21385,69,35,34,0,10394,4831,15225,1.142792,44,0,0,0,1727,0,-1369,0,80,655,0,-255,0,-255,0,-208,0,-366,0,0,0,1.0,14.539785793095904,0.38163273573097123,1,0.0,0.7319086935405537,0.6201668921828676
RQ7_CONFIRM_baseline_default_off_07,baseline_default_off,default,off,1,none,standard_dns,1,/opt/praxis/pcaps/RQ7_CONFIRM_baseline_default_off_07.pcap,/opt/praxis/logs/RQ7_CONFIRM_baseline_default_off_07_browser.json,21305,67,34,33,0,10490,4831,15321,1.144525,38,0,0,0,1791,0,-1369,0,80,655,0,-255,0,-255,0,-574,0,0,0,0,0,1.0,13.680720185874218,0.0,1,0.0,0.6930548810101991,0.48465274405050995
RQ7_CONFIRM_baseline_default_off_08,baseline_default_off,default,off,1,none,standard_dns,1,/opt/praxis/pcaps/RQ7_CONFIRM_baseline_default_off_08.pcap,/opt/praxis/logs/RQ7_CONFIRM_baseline_default_off_08_browser.json,21209,67,34,33,0,10394,4831,15225,1.144064,42,0,0,0,1727,0,-1369,0,80,655,0,-255,0,-255,0,-574,0,0,0,0,2030,1.0,15.679135826867684,0.887779491797407,1,0.0,0.6464303059737737,0.7930443374277811
RQ7_CONFIRM_baseline_default_off_09,baseline_default_off,default,off,1,none,standard_dns,1,/opt/praxis/pcaps/RQ7_CONFIRM_baseline_default_off_09.pcap,/opt/praxis/logs/RQ7_CONFIRM_baseline_default_off_09_browser.json,21369,67,34,33,0,10554,4831,15385,1.146044,42,0,0,0,1759,0,-1369,0,80,655,0,-255,0,-255,0,-208,-366,0,0,0,0,1.0,14.522000454165932,0.3737317471514154,1,0.0,0.7241379310344828,0.6170130080547196
RQ7_CONFIRM_baseline_default_off_10,baseline_default_off,default,off,1,none,standard_dns,1,/opt/praxis/pcaps/RQ7_CONFIRM_baseline_default_off_10.pcap,/opt/praxis/logs/RQ7_CONFIRM_baseline_default_off_10_browser.json,21569,70,36,34,0,10490,4831,15321,1.141708,46,0,0,0,1759,0,-1369,0,80,655,0,-255,0,-255,0,-208,0,-366,0,0,0,1.0,14.555460552426146,0.38859611691494306,1,0.0,0.8212724623603691,0.6270722640382486
RQ7_CONFIRM_baseline_default_off_11,baseline_default_off,default,off,1,none,standard_dns,1,/opt/praxis/pcaps/RQ7_CONFIRM_baseline_default_off_11.pcap,/opt/praxis/logs/RQ7_CONFIRM_baseline_default_off_11_browser.json,21609,69,35,34,0,10618,4831,15449,1.139084,44,0,0,0,1791,0,-1369,0,80,655,0,-255,0,-255,0,-208,0,-366,0,0,0,1.0,14.541297156146651,0.3823041461691156,1,0.0,0.8406993686255464,0.6258414195904678
RQ7_CONFIRM_baseline_default_off_12,baseline_default_off,default,off,1,none,standard_dns,1,/opt/praxis/pcaps/RQ7_CONFIRM_baseline_default_off_12.pcap,/opt/praxis/logs/RQ7_CONFIRM_baseline_default_off_12_browser.json,21937,72,37,35,0,10682,4831,15513,1.144409,42,0,0,0,1823,0,-1369,0,80,655,0,-255,0,-255,0,-208,0,-366,0,0,0,1.0,14.541232783506818,0.38227554916041284,1,0.0,1.0,0.6337964422061445
RQ7_CONFIRM_baseline_default_off_13,baseline_default_off,default,off,1,none,standard_dns,1,/opt/praxis/pcaps/RQ7_CONFIRM_baseline_default_off_13.pcap,/opt/praxis/logs/RQ7_CONFIRM_baseline_default_off_13_browser.json,21545,69,35,34,0,10554,4831,15385,1.14453,44,0,0,0,1759,0,-1369,0,80,655,0,-255,0,-255,0,-208,0,-366,0,0,0,1.0,14.540650295171666,0.3820167835725386,1,0.0,0.8096163186012627,0.6241866901804516
RQ7_CONFIRM_baseline_default_off_14,baseline_default_off,default,off,1,none,standard_dns,1,/opt/praxis/pcaps/RQ7_CONFIRM_baseline_default_off_14.pcap,/opt/praxis/logs/RQ7_CONFIRM_baseline_default_off_14_browser.json,21633,70,36,34,0,10554,4831,15385,1.143213,44,0,0,0,1791,0,-1369,0,80,655,0,-255,0,-255,0,-208,0,-366,0,0,0,1.0,14.544963056109125,0.3839326916723161,1,0.0,0.8523555123846528,0.6269942177045432
RQ7_CONFIRM_baseline_default_off_15,baseline_default_off,default,off,1,none,standard_dns,1,/opt/praxis/pcaps/RQ7_CONFIRM_baseline_default_off_15.pcap,/opt/praxis/logs/RQ7_CONFIRM_baseline_default_off_15_browser.json,21665,70,36,34,0,10586,4831,15417,1.142199,44,0,0,0,1823,0,-1369,0,80,655,0,-255,0,-255,0,-208,0,-366,0,0,0,1.0,14.545548166129812,0.38419262192213777,1,0.0,0.8678970373967946,0.627862269542588
RQ7_CONFIRM_baseline_default_off_16,baseline_default_off,default,off,1,none,standard_dns,1,/opt/praxis/pcaps/RQ7_CONFIRM_baseline_default_off_16.pcap,/opt/praxis/logs/RQ7_CONFIRM_baseline_default_off_16_browser.json,21305,67,34,33,0,10490,4831,15321,1.14148,42,0,0,0,1791,0,-1369,0,80,655,0,-255,0,-255,0,-574,0,0,0,0,1998,1.0,15.672595428360557,0.8848739742745741,1,0.0,0.6930548810101991,0.794358635046611
RQ7_CONFIRM_baseline_default_off_17,baseline_default_off,default,off,1,none,standard_dns,1,/opt/praxis/pcaps/RQ7_CONFIRM_baseline_default_off_17.pcap,/opt/praxis/logs/RQ7_CONFIRM_baseline_default_off_17_browser.json,21577,69,35,34,0,10586,4831,15417,1.141105,44,0,0,0,1791,0,-1369,0,80,655,0,-255,0,-255,0,-208,0,-366,0,0,0,1.0,14.541238148402684,0.3822779324706852,1,0.0,0.8251578436134046,0.6250551685454101
RQ7_CONFIRM_baseline_default_off_18,baseline_default_off,default,off,1,none,standard_dns,1,/opt/praxis/pcaps/RQ7_CONFIRM_baseline_default_off_18.pcap,/opt/praxis/logs/RQ7_CONFIRM_baseline_default_off_18_browser.json,21625,71,37,34,0,10458,4831,15289,1.142971,42,0,0,0,1823,0,-1369,0,80,655,0,-255,0,-255,0,-208,0,-366,0,0,0,1.0,14.537540459213835,0.38063526486862964,1,0.0,0.8484701311316173,0.6256458492606013
RQ7_CONFIRM_baseline_default_off_19,baseline_default_off,default,off,1,none,standard_dns,1,/opt/praxis/pcaps/RQ7_CONFIRM_baseline_default_off_19.pcap,/opt/praxis/logs/RQ7_CONFIRM_baseline_default_off_19_browser.json,21481,69,35,34,0,10490,4831,15321,1.143154,44,0,0,0,1727,0,-1369,0,80,655,0,-255,0,-255,0,-208,0,-366,0,0,0,1.0,14.53997882689146,0.38171848938571806,1,0.0,0.7785332685769791,0.6225281347138503
RQ7_CONFIRM_baseline_default_off_20,baseline_default_off,default,off,1,none,standard_dns,1,/opt/praxis/pcaps/RQ7_CONFIRM_baseline_default_off_20.pcap,/opt/praxis/logs/RQ7_CONFIRM_baseline_default_off_20_browser.json,21545,69,35,34,0,10554,4831,15385,1.141477,44,0,0,0,1823,0,-1369,0,80,655,0,-255,0,-255,0,-208,0,-366,0,0,0,1.0,14.541699139882539,0.3824827240932654,1,0.0,0.8096163186012627,0.624349769362706
RQ7_CONFIRM_baseline_default_off_21,baseline_default_off,default,off,1,none,standard_dns,1,/opt/praxis/pcaps/RQ7_CONFIRM_baseline_default_off_21.pcap,/opt/praxis/logs/RQ7_CONFIRM_baseline_default_off_21_browser.json,21449,69,35,34,0,10458,4831,15289,1.14448,42,0,0,0,1759,0,-1369,0,80,655,0,-255,0,-255,0,-208,0,-366,0,0,0,1.0,14.528943888151566,0.3768163098262908,1,0.0,0.7629917435648373,0.6200352956174436
RQ7_CONFIRM_baseline_default_off_22,baseline_default_off,default,off,1,none,standard_dns,1,/opt/praxis/pcaps/RQ7_CONFIRM_baseline_default_off_22.pcap,/opt/praxis/logs/RQ7_CONFIRM_baseline_default_off_22_browser.json,21569,70,36,34,0,10490,4831,15321,1.139051,42,0,0,0,1759,0,-1369,0,80,655,0,-255,0,-255,0,-208,0,-366,0,0,0,1.0,14.532782276438143,0.37852148182979034,1,0.0,0.8212724623603691,0.6235461417584451
RQ7_CONFIRM_baseline_default_off_23,baseline_default_off,default,off,1,none,standard_dns,1,/opt/praxis/pcaps/RQ7_CONFIRM_baseline_default_off_23.pcap,/opt/praxis/logs/RQ7_CONFIRM_baseline_default_off_23_browser.json,21545,69,35,34,0,10554,4831,15385,1.141934,42,0,0,0,1727,0,-1369,0,80,655,0,-255,0,-255,0,-208,0,-366,0,0,0,1.0,14.528588867586455,0.3766585948993222,1,0.0,0.8096163186012627,0.6223113241448259
RQ7_CONFIRM_baseline_default_off_24,baseline_default_off,default,off,1,none,standard_dns,1,/opt/praxis/pcaps/RQ7_CONFIRM_baseline_default_off_24.pcap,/opt/praxis/logs/RQ7_CONFIRM_baseline_default_off_24_browser.json,21209,67,34,33,0,10394,4831,15225,1.144279,42,0,0,0,1791,0,-1369,0,80,655,0,-255,0,-255,0,-208,0,-366,0,0,0,1.0,14.522208757120259,0.3738242840026785,1,0.0,0.6464303059737737,0.6131600146996261
RQ7_CONFIRM_baseline_default_off_25,baseline_default_off,default,off,1,none,standard_dns,1,/opt/praxis/pcaps/RQ7_CONFIRM_baseline_default_off_25.pcap,/opt/praxis/logs/RQ7_CONFIRM_baseline_default_off_25_browser.json,21577,69,35,34,0,10586,4831,15417,1.144272,46,0,0,0,1823,0,-1369,0,80,655,0,-255,0,-255,0,-208,0,-366,0,0,0,1.0,14.552931922132208,0.3874727939828929,1,0.0,0.8251578436134046,0.6268733700746828
RQ7_CONFIRM_baseline_default_off_26,baseline_default_off,default,off,1,none,standard_dns,1,/opt/praxis/pcaps/RQ7_CONFIRM_baseline_default_off_26.pcap,/opt/praxis/logs/RQ7_CONFIRM_baseline_default_off_26_browser.json,21545,69,36,33,0,10554,4831,15385,1.146769,46,0,0,0,1759,0,-1369,0,80,655,0,-255,0,-255,0,-574,0,0,0,0,2094,1.0,15.723079473142954,0.9073010903866726,1,0.0,0.8096163186012627,0.8080361975653986
RQ7_CONFIRM_baseline_default_off_27,baseline_default_off,default,off,1,none,standard_dns,1,/opt/praxis/pcaps/RQ7_CONFIRM_baseline_default_off_27.pcap,/opt/praxis/logs/RQ7_CONFIRM_baseline_default_off_27_browser.json,21593,71,36,35,0,10426,4831,15257,1.140293,42,0,0,0,1727,0,-1369,0,80,655,0,-255,0,-255,0,-208,0,-366,0,0,0,1.0,14.535372103293165,0.37967199082403136,1,0.0,0.8329286061194755,0.6245316270943848
RQ7_CONFIRM_baseline_default_off_28,baseline_default_off,default,off,1,none,standard_dns,1,/opt/praxis/pcaps/RQ7_CONFIRM_baseline_default_off_28.pcap,/opt/praxis/logs/RQ7_CONFIRM_baseline_default_off_28_browser.json,21513,69,35,34,0,10522,4831,15353,1.141719,44,0,0,0,1791,0,-1369,0,80,655,0,-255,0,-255,0,-208,0,-366,0,0,0,1.0,14.541112002550474,0.38222189322726147,1,0.0,0.7940747935891209,0.6234814023089975
RQ7_CONFIRM_baseline_default_off_29,baseline_default_off,default,off,1,none,standard_dns,1,/opt/praxis/pcaps/RQ7_CONFIRM_baseline_default_off_29.pcap,/opt/praxis/logs/RQ7_CONFIRM_baseline_default_off_29_browser.json,21665,70,36,34,0,10586,4831,15417,1.145373,42,0,0,0,1823,0,-1369,0,80,655,0,-255,0,-255,0,-208,0,-366,0,0,0,1.0,14.534045013961054,0.37908244244947703,1,0.0,0.8678970373967946,0.6260737067271567
RQ7_CONFIRM_baseline_default_off_30,baseline_default_off,default,off,1,none,standard_dns,1,/opt/praxis/pcaps/RQ7_CONFIRM_baseline_default_off_30.pcap,/opt/praxis/logs/RQ7_CONFIRM_baseline_default_off_30_browser.json,21273,67,34,33,0,10458,4831,15289,1.141588,44,0,0,0,1727,0,-1369,0,80,655,0,-255,0,-255,0,-208,0,-366,0,0,0,1.0,14.532777543832974,0.37851937940939046,1,0.0,0.6775133559980573,0.6163574505931895
RQ7_CONFIRM_baseline_default_off_31,baseline_default_off,default,off,1,none,standard_dns,1,/opt/praxis/pcaps/RQ7_CONFIRM_baseline_default_off_31.pcap,/opt/praxis/logs/RQ7_CONFIRM_baseline_default_off_31_browser.json,21433,67,34,33,0,10618,4831,15449,1.142839,44,0,0,0,1791,0,-1369,0,80,655,0,-255,0,-255,0,-208,0,-366,0,0,0,1.0,14.534172850568481,0.3791392327968139,1,0.0,0.7552209810587663,0.6204597805318232
RQ7_CONFIRM_baseline_default_off_32,baseline_default_off,default,off,1,none,standard_dns,1,/opt/praxis/pcaps/RQ7_CONFIRM_baseline_default_off_32.pcap,/opt/praxis/logs/RQ7_CONFIRM_baseline_default_off_32_browser.json,21577,69,35,34,0,10586,4831,15417,1.146946,40,0,0,0,1791,0,-1369,0,80,655,0,-255,0,-255,0,-574,0,0,0,0,2030,1.0,15.67609181910887,0.8864272167222356,1,0.0,0.8251578436134046,0.8015074180334526
RQ7_CONFIRM_baseline_default_off_33,baseline_default_off,default,off,1,none,standard_dns,1,/opt/praxis/pcaps/RQ7_CONFIRM_baseline_default_off_33.pcap,/opt/praxis/logs/RQ7_CONFIRM_baseline_default_off_33_browser.json,21425,68,35,33,0,10522,4831,15353,1.146236,42,0,0,0,1823,0,-1369,0,80,655,0,-255,0,-255,0,-574,0,0,0,0,1998,1.0,15.676700098732859,0.8866974398752068,1,0.0,0.751335599805731,0.7979108839466089
RQ7_CONFIRM_baseline_default_off_34,baseline_default_off,default,off,1,none,standard_dns,1,/opt/praxis/pcaps/RQ7_CONFIRM_baseline_default_off_34.pcap,/opt/praxis/logs/RQ7_CONFIRM_baseline_default_off_34_browser.json,21649,72,36,36,0,10394,4831,15225,1.14966,44,0,0,0,1727,0,-1369,0,80,655,0,-255,0,-255,0,-208,0,-366,0,0,0,1.0,14.550054199643634,0.3861943897530452,1,0.0,0.8601262748907237,0.6281743501581021
RQ7_CONFIRM_baseline_default_off_35,baseline_default_off,default,off,1,none,standard_dns,1,/opt/praxis/pcaps/RQ7_CONFIRM_baseline_default_off_35.pcap,/opt/praxis/logs/RQ7_CONFIRM_baseline_default_off_35_browser.json,21305,67,34,33,0,10490,4831,15321,1.142591,44,0,0,0,1759,0,-1369,0,80,655,0,-255,0,-255,0,-208,0,-366,0,0,0,1.0,14.533384686574145,0.37878909751164513,1,0.0,0.6930548810101991,0.6172289281795857
RQ7_CONFIRM_baseline_default_off_36,baseline_default_off,default,off,1,none,standard_dns,1,/opt/praxis/pcaps/RQ7_CONFIRM_baseline_default_off_36.pcap,/opt/praxis/logs/RQ7_CONFIRM_baseline_default_off_36_browser.json,21545,69,35,34,0,10554,4831,15385,1.144784,40,0,0,0,1727,0,-1369,0,80,655,0,-255,0,-255,0,-574,0,0,0,0,2062,1.0,15.682634841565262,0.8893338999126593,1,0.0,0.8096163186012627,0.8017476808994939
RQ7_CONFIRM_baseline_default_off_37,baseline_default_off,default,off,1,none,standard_dns,1,/opt/praxis/pcaps/RQ7_CONFIRM_baseline_default_off_37.pcap,/opt/praxis/logs/RQ7_CONFIRM_baseline_default_off_37_browser.json,21537,70,36,34,0,10458,4831,15289,1.140335,44,0,0,0,1759,0,-1369,0,80,655,0,-255,0,-255,0,-208,-366,0,0,0,0,1.0,14.544232806609322,0.3836082844186288,1,0.0,0.8057309373482273,0.6245494464139315
RQ7_CONFIRM_baseline_default_off_38,baseline_default_off,default,off,1,none,standard_dns,1,/opt/praxis/pcaps/RQ7_CONFIRM_baseline_default_off_38.pcap,/opt/praxis/logs/RQ7_CONFIRM_baseline_default_off_38_browser.json,21537,70,36,34,0,10458,4831,15289,1.143674,48,0,0,0,1759,0,-1369,0,80,655,0,-255,0,-255,0,-208,0,-366,0,0,0,1.0,14.566233748998208,0.3933820196979218,1,0.0,0.8057309373482273,0.627970253761684
RQ7_CONFIRM_baseline_default_off_39,baseline_default_off,default,off,1,none,standard_dns,1,/opt/praxis/pcaps/RQ7_CONFIRM_baseline_default_off_39.pcap,/opt/praxis/logs/RQ7_CONFIRM_baseline_default_off_39_browser.json,21305,67,34,33,0,10490,4831,15321,1.140609,42,0,0,0,1727,0,-1369,0,80,655,0,-255,0,-255,0,-574,0,0,0,0,1998,1.0,15.671598402950986,0.8844310540465388,1,0.0,0.6930548810101991,0.7942036129667985
RQ7_CONFIRM_baseline_default_off_40,baseline_default_off,default,off,1,none,standard_dns,1,/opt/praxis/pcaps/RQ7_CONFIRM_baseline_default_off_40.pcap,/opt/praxis/logs/RQ7_CONFIRM_baseline_default_off_40_browser.json,21609,69,35,34,0,10618,4831,15449,1.144017,44,0,0,0,1823,0,-1369,0,80,655,0,-255,0,-255,0,-574,0,0,0,0,2094,1.0,15.713383084350143,0.9029935504844766,1,0.0,0.8406993686255464,0.8080827111008442
RQ7_CONFIRM_baseline_default_off_41,baseline_default_off,default,off,1,none,standard_dns,1,/opt/praxis/pcaps/RQ7_CONFIRM_baseline_default_off_41.pcap,/opt/praxis/logs/RQ7_CONFIRM_baseline_default_off_41_browser.json,21337,67,34,33,0,10522,4831,15353,1.141272,46,0,0,0,1727,0,-1369,0,80,655,0,-255,0,-255,0,-208,0,-366,0,0,0,1.0,14.544074118143376,0.3835377883902941,1,0.0,0.708596406022341,0.61966804623772
RQ7_CONFIRM_baseline_default_off_42,baseline_default_off,default,off,1,none,standard_dns,1,/opt/praxis/pcaps/RQ7_CONFIRM_baseline_default_off_42.pcap,/opt/praxis/logs/RQ7_CONFIRM_baseline_default_off_42_browser.json,21609,69,35,34,0,10618,4831,15449,1.144226,40,0,0,0,1823,0,-1369,0,80,655,0,-255,0,-255,0,-574,0,0,0,0,2062,1.0,15.684231932050952,0.8900433940492424,1,0.0,0.8406993686255464,0.8035501563485121
RQ7_CONFIRM_baseline_default_off_43,baseline_default_off,default,off,1,none,standard_dns,1,/opt/praxis/pcaps/RQ7_CONFIRM_baseline_default_off_43.pcap,/opt/praxis/logs/RQ7_CONFIRM_baseline_default_off_43_browser.json,21513,69,35,34,0,10522,4831,15353,1.142944,46,0,0,0,1727,0,-1369,0,80,655,0,-255,0,-255,0,-208,0,-366,0,0,0,1.0,14.55120611823404,0.3867061199856378,1,0.0,0.7940747935891209,0.6250508816744292
RQ7_CONFIRM_baseline_default_off_44,baseline_default_off,default,off,1,none,standard_dns,1,/opt/praxis/pcaps/RQ7_CONFIRM_baseline_default_off_44.pcap,/opt/praxis/logs/RQ7_CONFIRM_baseline_default_off_44_browser.json,21681,72,37,35,0,10426,4831,15257,1.140269,46,0,0,0,1727,0,-1369,0,80,655,0,-255,0,-255,0,-208,0,-366,0,0,0,1.0,14.561778618536483,0.39140286512363354,1,0.0,0.8756677999028655,0.6307743927884151
RQ7_CONFIRM_baseline_default_off_45,baseline_default_off,default,off,1,none,standard_dns,1,/opt/praxis/pcaps/RQ7_CONFIRM_baseline_default_off_45.pcap,/opt/praxis/logs/RQ7_CONFIRM_baseline_default_off_45_browser.json,21513,69,35,34,0,10522,4831,15353,1.145116,40,0,0,0,1759,0,-1369,0,80,655,0,-255,0,-255,0,-208,-366,0,0,0,0,1.0,14.517182460715011,0.3715913937186254,1,0.0,0.7940747935891209,0.619760727480975
RQ7_CONFIRM_baseline_default_off_46,baseline_default_off,default,off,1,none,standard_dns,1,/opt/praxis/pcaps/RQ7_CONFIRM_baseline_default_off_46.pcap,/opt/praxis/logs/RQ7_CONFIRM_baseline_default_off_46_browser.json,21273,67,34,33,0,10458,4831,15289,1.139046,44,0,0,0,1823,0,-1369,0,80,655,0,-255,0,-255,0,-208,0,-366,0,0,0,1.0,14.534368953081486,0.37922634970370983,1,0.0,0.6775133559980573,0.6166048901962013
RQ7_CONFIRM_baseline_default_off_47,baseline_default_off,default,off,1,none,standard_dns,1,/opt/praxis/pcaps/RQ7_CONFIRM_baseline_default_off_47.pcap,/opt/praxis/logs/RQ7_CONFIRM_baseline_default_off_47_browser.json,21457,68,35,33,0,10554,4831,15385,1.144308,40,0,0,0,1823,0,-1369,0,80,655,0,-255,0,-255,0,-574,0,0,0,0,1998,1.0,15.665735373964788,0.881826452287531,1,0.0,0.7668771248178727,0.7969831145415295
RQ7_CONFIRM_baseline_default_off_48,baseline_default_off,default,off,1,none,standard_dns,1,/opt/praxis/pcaps/RQ7_CONFIRM_baseline_default_off_48.pcap,/opt/praxis/logs/RQ7_CONFIRM_baseline_default_off_48_browser.json,21505,70,36,34,0,10426,4831,15257,1.146175,44,0,0,0,1727,0,-1369,0,80,655,0,-255,0,-255,0,-208,0,-366,0,0,0,1.0,14.543641939636275,0.3833457966907051,1,0.0,0.7901894123360855,0.6236804994585511
RQ7_CONFIRM_baseline_default_off_49,baseline_default_off,default,off,1,none,standard_dns,1,/opt/praxis/pcaps/RQ7_CONFIRM_baseline_default_off_49.pcap,/opt/praxis/logs/RQ7_CONFIRM_baseline_default_off_49_browser.json,21481,69,35,34,0,10490,4831,15321,1.1418,42,0,0,0,1727,0,-1369,0,80,655,0,-255,0,-255,0,-208,0,-366,0,0,0,1.0,14.528460722711436,0.37660166760667746,1,0.0,0.7785332685769791,0.620737247091186
RQ7_CONFIRM_baseline_default_off_50,baseline_default_off,default,off,1,none,standard_dns,1,/opt/praxis/pcaps/RQ7_CONFIRM_baseline_default_off_50.pcap,/opt/praxis/logs/RQ7_CONFIRM_baseline_default_off_50_browser.json,21369,67,34,33,0,10554,4831,15385,1.139078,42,0,0,0,1823,0,-1369,0,80,655,0,-255,0,-255,0,-574,0,0,0,0,0,1.0,13.707039104492633,0.01169196022910338,1,0.0,0.7241379310344828,0.49029908263191035
RQ7_CONFIRM_camouflaged_c2_p1_01,camouflaged_c2_p1,camouflaged,c2,1,none,standard_dns,1,/opt/praxis/pcaps/RQ7_CONFIRM_camouflaged_c2_p1_01.pcap,/opt/praxis/logs/RQ7_CONFIRM_camouflaged_c2_p1_01_browser.json,20585,56,28,28,0,10648,4969,15617,0.184586,34,0,0,0,1800,0,-1377,0,88,687,0,-263,0,-263,0,-216,0,-374,0,-6,0,0.485,14.661352238866876,0.43563761601329243,1,0.0,0.34337056823700823,0.38789169401650275
RQ7_CONFIRM_camouflaged_c2_p1_02,camouflaged_c2_p1,camouflaged,c2,1,none,standard_dns,1,/opt/praxis/pcaps/RQ7_CONFIRM_camouflaged_c2_p1_02.pcap,/opt/praxis/logs/RQ7_CONFIRM_camouflaged_c2_p1_02_browser.json,20089,50,26,24,0,10712,4937,15649,0.197929,28,0,0,0,1768,0,-1377,0,88,687,0,-263,0,-263,0,-582,-6,0,0,6,2052,0.485,15.857421077069738,0.966981228199284,1,0.0,0.1024769305488101,0.5618172763971899
RQ7_CONFIRM_camouflaged_c2_p1_03,camouflaged_c2_p1,camouflaged,c2,1,none,standard_dns,1,/opt/praxis/pcaps/RQ7_CONFIRM_camouflaged_c2_p1_03.pcap,/opt/praxis/logs/RQ7_CONFIRM_camouflaged_c2_p1_03_browser.json,20153,52,26,26,0,10584,4953,15537,0.190154,32,0,0,0,1768,0,-1377,0,88,687,0,-263,0,-263,0,-582,0,-6,0,6,2020,0.49,15.883363579751496,0.9785059687859393,1,0.0,0.13355998057309373,0.5696550881037334
RQ7_CONFIRM_camouflaged_c2_p1_04,camouflaged_c2_p1,camouflaged,c2,1,none,standard_dns,1,/opt/praxis/pcaps/RQ7_CONFIRM_camouflaged_c2_p1_04.pcap,/opt/praxis/logs/RQ7_CONFIRM_camouflaged_c2_p1_04_browser.json,20417,53,27,26,0,10736,4977,15713,0.188321,34,0,0,0,1832,0,-1377,0,88,687,0,-263,0,-263,0,-216,0,-374,0,-6,0,0.485,14.65060260575178,0.43086218109967084,1,0.0,0.26177756192326374,0.382140641481048
RQ7_CONFIRM_camouflaged_c2_p1_05,camouflaged_c2_p1,camouflaged,c2,1,none,standard_dns,1,/opt/praxis/pcaps/RQ7_CONFIRM_camouflaged_c2_p1_05.pcap,/opt/praxis/logs/RQ7_CONFIRM_camouflaged_c2_p1_05_browser.json,20897,58,29,29,0,10776,4977,15753,0.183114,34,0,0,0,1768,0,-1377,0,88,687,0,-263,0,-263,0,-216,0,-374,0,-6,0,0.49,14.668729728061003,0.4389150040967078,1,0.0,0.49490043710539094,0.3988652732891173
RQ7_CONFIRM_camouflaged_c2_p1_06,camouflaged_c2_p1,camouflaged,c2,1,none,standard_dns,1,/opt/praxis/pcaps/RQ7_CONFIRM_camouflaged_c2_p1_06.pcap,/opt/praxis/logs/RQ7_CONFIRM_camouflaged_c2_p1_06_browser.json,20193,52,26,26,0,10616,4961,15577,0.189476,30,0,0,0,1768,0,-1377,0,88,687,0,-263,0,-263,0,-216,0,-374,-6,0,0,0.485,14.617456989417038,0.41613751731033966,1,0.0,0.152986886838271,0.37154747540053246
RQ7_CONFIRM_camouflaged_c2_p1_07,camouflaged_c2_p1,camouflaged,c2,1,none,standard_dns,1,/opt/praxis/pcaps/RQ7_CONFIRM_camouflaged_c2_p1_07.pcap,/opt/praxis/logs/RQ7_CONFIRM_camouflaged_c2_p1_07_browser.json,20441,53,27,26,0,10776,4961,15737,0.183895,30,0,0,0,1800,0,-1377,0,88,687,0,-263,0,-263,0,-216,0,-374,-6,0,0,0.485,14.62249901443906,0.418377394901297,1,0.0,0.2734337056823701,0.37835377349957244
RQ7_CONFIRM_camouflaged_c2_p1_08,camouflaged_c2_p1,camouflaged,c2,1,none,standard_dns,1,/opt/praxis/pcaps/RQ7_CONFIRM_camouflaged_c2_p1_08.pcap,/opt/praxis/logs/RQ7_CONFIRM_camouflaged_c2_p1_08_browser.json,20481,54,27,27,0,10712,4977,15689,0.190767,38,0,0,0,1736,0,-1377,0,88,687,0,-263,0,-263,0,-216,0,-374,0,-6,0,0.485,14.678280841889276,0.4431580068067688,1,0.0,0.29286061194754737,0.38799833297974645
RQ7_CONFIRM_camouflaged_c2_p1_09,camouflaged_c2_p1,camouflaged,c2,1,none,standard_dns,1,/opt/praxis/pcaps/RQ7_CONFIRM_camouflaged_c2_p1_09.pcap,/opt/praxis/logs/RQ7_CONFIRM_camouflaged_c2_p1_09_browser.json,20193,50,25,25,0,10800,4953,15753,0.191965,32,0,0,0,1800,0,-1377,0,88,687,0,-263,0,-263,0,-582,0,-6,0,6,2052,0.49,15.884438583838843,0.9789835303916277,1,0.0,0.152986886838271,0.5707935799789832
RQ7_CONFIRM_camouflaged_c2_p1_10,camouflaged_c2_p1,camouflaged,c2,1,none,standard_dns,1,/opt/praxis/pcaps/RQ7_CONFIRM_camouflaged_c2_p1_10.pcap,/opt/praxis/logs/RQ7_CONFIRM_camouflaged_c2_p1_10_browser.json,20313,52,26,26,0,10744,4953,15697,0.189412,34,0,0,0,1832,0,-1377,0,88,687,0,-263,0,-263,0,-582,0,-6,0,6,2084,0.5,15.91206835019258,0.9912578238012848,1,0.0,0.2112676056338028,0.5825036186121398
RQ7_CONFIRM_camouflaged_c2_p1_11,camouflaged_c2_p1,camouflaged,c2,1,none,standard_dns,1,/opt/praxis/pcaps/RQ7_CONFIRM_camouflaged_c2_p1_11.pcap,/opt/praxis/logs/RQ7_CONFIRM_camouflaged_c2_p1_11_browser.json,20497,54,27,27,0,10744,4961,15705,0.187201,36,0,0,0,1768,0,-1377,0,88,687,0,-263,0,-263,0,-582,0,-6,0,6,2084,0.5,15.930372898272445,0.999389466718093,1,0.0,0.30063137445361826,0.5898178820740135
RQ7_CONFIRM_camouflaged_c2_p1_12,camouflaged_c2_p1,camouflaged,c2,1,none,standard_dns,1,/opt/praxis/pcaps/RQ7_CONFIRM_camouflaged_c2_p1_12.pcap,/opt/praxis/logs/RQ7_CONFIRM_camouflaged_c2_p1_12_browser.json,20649,56,28,28,0,10712,4969,15681,0.200795,34,0,0,0,1800,0,-1377,0,88,687,0,-263,0,-263,0,-216,0,-374,0,-6,0,0.485,14.661269089200633,0.4356006774671135,1,0.0,0.37445361826129187,0.38943291802655433
RQ7_CONFIRM_camouflaged_c2_p1_13,camouflaged_c2_p1,camouflaged,c2,1,none,standard_dns,1,/opt/praxis/pcaps/RQ7_CONFIRM_camouflaged_c2_p1_13.pcap,/opt/praxis/logs/RQ7_CONFIRM_camouflaged_c2_p1_13_browser.json,20353,52,26,26,0,10768,4969,15737,0.187664,34,0,0,0,1768,0,-1377,0,88,687,0,-263,0,-263,0,-216,0,-374,0,-6,0,0.485,14.645483193178194,0.4285879247339528,1,0.0,0.23069451189898008,0.37979049925183245
RQ7_CONFIRM_camouflaged_c2_p1_14,camouflaged_c2_p1,camouflaged,c2,1,none,standard_dns,1,/opt/praxis/pcaps/RQ7_CONFIRM_camouflaged_c2_p1_14.pcap,/opt/praxis/logs/RQ7_CONFIRM_camouflaged_c2_p1_14_browser.json,20033,51,25,26,0,10552,4953,15505,0.189224,34,0,0,0,1768,0,-1377,0,88,687,0,-263,0,-263,0,-582,0,-6,0,6,1988,0.49,15.884351864108805,0.9789450058743634,1,0.0,0.07527926177756192,0.5668947151449052
RQ7_CONFIRM_camouflaged_c2_p1_15,camouflaged_c2_p1,camouflaged,c2,1,none,standard_dns,1,/opt/praxis/pcaps/RQ7_CONFIRM_camouflaged_c2_p1_15.pcap,/opt/praxis/logs/RQ7_CONFIRM_camouflaged_c2_p1_15_browser.json,20201,52,26,26,0,10616,4969,15585,0.191309,36,0,0,0,1768,0,-1377,0,88,687,0,-263,0,-263,0,-582,0,-6,0,6,2020,0.49,15.907980998538287,0.9894420518967765,1,0.0,0.15687226809130647,0.5746483315684371
RQ7_CONFIRM_camouflaged_c2_p1_16,camouflaged_c2_p1,camouflaged,c2,1,none,standard_dns,1,/opt/praxis/pcaps/RQ7_CONFIRM_camouflaged_c2_p1_16.pcap,/opt/praxis/logs/RQ7_CONFIRM_camouflaged_c2_p1_16_browser.json,20817,57,28,29,0,10776,4985,15761,0.18772,32,0,0,0,1768,0,-1377,0,88,687,0,-263,0,-263,0,-216,0,-374,-6,0,0,0.485,14.651133318355035,0.4310979457501983,1,0.0,0.4560466245750364,0.3919366122413212
RQ7_CONFIRM_camouflaged_c2_p1_17,camouflaged_c2_p1,camouflaged,c2,1,none,standard_dns,1,/opt/praxis/pcaps/RQ7_CONFIRM_camouflaged_c2_p1_17.pcap,/opt/praxis/logs/RQ7_CONFIRM_camouflaged_c2_p1_17_browser.json,20385,54,27,27,0,10616,4977,15593,0.192556,40,0,0,0,1832,0,-1377,0,88,687,0,-263,0,-263,0,-216,0,-374,0,-6,0,0.485,14.691793783607658,0.4491610185353346,1,0.0,0.2462360369111219,0.38776815833292316
RQ7_CONFIRM_camouflaged_c2_p1_18,camouflaged_c2_p1,camouflaged,c2,1,none,standard_dns,1,/opt/praxis/pcaps/RQ7_CONFIRM_camouflaged_c2_p1_18.pcap,/opt/praxis/logs/RQ7_CONFIRM_camouflaged_c2_p1_18_browser.json,20409,53,26,27,0,10744,4961,15705,0.186782,32,0,0,0,1768,0,-1377,0,88,687,0,-263,0,-263,0,-582,0,-6,0,6,2052,0.49,15.894680133370812,0.9835332534083017,1,0.0,0.2578921806702283,0.5776312477264169
RQ7_CONFIRM_camouflaged_c2_p1_19,camouflaged_c2_p1,camouflaged,c2,1,none,standard_dns,1,/opt/praxis/pcaps/RQ7_CONFIRM_camouflaged_c2_p1_19.pcap,/opt/praxis/logs/RQ7_CONFIRM_camouflaged_c2_p1_19_browser.json,20337,54,27,27,0,10584,4961,15545,0.191449,30,0,0,0,1736,0,-1377,0,88,687,0,-263,0,-263,0,-216,0,-374,0,-6,0,0.485,14.624672396506647,0.41934290176977057,1,0.0,0.22292374939290918,0.3761662030890651
RQ7_CONFIRM_camouflaged_c2_p1_20,camouflaged_c2_p1,camouflaged,c2,1,none,standard_dns,1,/opt/praxis/pcaps/RQ7_CONFIRM_camouflaged_c2_p1_20.pcap,/opt/praxis/logs/RQ7_CONFIRM_camouflaged_c2_p1_20_browser.json,20441,53,26,27,0,10776,4961,15737,0.190748,38,0,0,0,1832,0,-1377,0,88,687,0,-263,0,-263,0,-582,0,-6,0,6,2052,0.49,15.931747225198425,1.0,1,0.0,0.2734337056823701,0.5841716852841186
RQ7_CONFIRM_camouflaged_c2_p1_21,camouflaged_c2_p1,camouflaged,c2,1,none,standard_dns,1,/opt/praxis/pcaps/RQ7_CONFIRM_camouflaged_c2_p1_21.pcap,/opt/praxis/logs/RQ7_CONFIRM_camouflaged_c2_p1_21_browser.json,20577,54,27,27,0,10808,4977,15785,0.185189,36,0,0,0,1800,0,-1377,0,88,687,0,-263,0,-263,0,-216,0,-374,0,-6,0,0.485,14.667017900030743,0.4381545387622827,1,0.0,0.3394851869839728,0.3885783479159976
RQ7_CONFIRM_camouflaged_c2_p1_22,camouflaged_c2_p1,camouflaged,c2,1,none,standard_dns,1,/opt/praxis/pcaps/RQ7_CONFIRM_camouflaged_c2_p1_22.pcap,/opt/praxis/logs/RQ7_CONFIRM_camouflaged_c2_p1_22_browser.json,20473,54,27,27,0,10712,4969,15681,0.190576,36,0,0,0,1736,0,-1377,0,88,687,0,-263,0,-263,0,-216,0,-374,0,-6,0,0.485,14.665674359592611,0.4375576821209981,1,0.0,0.2889752306945119,0.3858439502770749
RQ7_CONFIRM_camouflaged_c2_p1_23,camouflaged_c2_p1,camouflaged,c2,1,none,standard_dns,1,/opt/praxis/pcaps/RQ7_CONFIRM_camouflaged_c2_p1_23.pcap,/opt/praxis/logs/RQ7_CONFIRM_camouflaged_c2_p1_23_browser.json,20497,54,27,27,0,10744,4961,15705,0.185256,34,0,0,0,1832,0,-1377,0,88,687,0,-263,0,-263,0,-582,0,-6,0,6,2052,0.49,15.911925542042368,0.9911943824708532,1,0.0,0.30063137445361826,0.5824496025874796
RQ7_CONFIRM_camouflaged_c2_p1_24,camouflaged_c2_p1,camouflaged,c2,1,none,standard_dns,1,/opt/praxis/pcaps/RQ7_CONFIRM_camouflaged_c2_p1_24.pcap,/opt/praxis/logs/RQ7_CONFIRM_camouflaged_c2_p1_24_browser.json,20649,56,28,28,0,10712,4969,15681,0.195062,32,0,0,0,1768,0,-1377,0,88,687,0,-263,0,-263,0,-216,0,-374,0,-6,0,0.485,14.647268720812882,0.4293811305033619,1,0.0,0.37445361826129187,0.38725607658924127
RQ7_CONFIRM_camouflaged_c2_p1_25,camouflaged_c2_p1,camouflaged,c2,1,none,standard_dns,1,/opt/praxis/pcaps/RQ7_CONFIRM_camouflaged_c2_p1_25.pcap,/opt/praxis/logs/RQ7_CONFIRM_camouflaged_c2_p1_25_browser.json,20249,52,26,26,0,10680,4953,15633,0.18706,32,0,0,0,1832,0,-1377,0,88,687,0,-263,0,-263,0,-582,0,-6,0,6,1988,0.49,15.876895739568004,0.9756326846936109,1,0.0,0.18018455560951918,0.5709806674232397
RQ7_CONFIRM_camouflaged_c2_p1_26,camouflaged_c2_p1,camouflaged,c2,1,none,standard_dns,1,/opt/praxis/pcaps/RQ7_CONFIRM_camouflaged_c2_p1_26.pcap,/opt/praxis/logs/RQ7_CONFIRM_camouflaged_c2_p1_26_browser.json,20473,54,27,27,0,10712,4969,15681,0.187648,32,0,0,0,1832,0,-1377,0,88,687,0,-263,0,-263,0,-582,0,-6,0,6,2020,0.49,15.891852321039266,0.9822770213497144,1,0.0,0.2889752306945119,0.5787457190071257
RQ7_CONFIRM_camouflaged_c2_p1_27,camouflaged_c2_p1,camouflaged,c2,1,none,standard_dns,1,/opt/praxis/pcaps/RQ7_CONFIRM_camouflaged_c2_p1_27.pcap,/opt/praxis/logs/RQ7_CONFIRM_camouflaged_c2_p1_27_browser.json,20345,52,26,26,0,10776,4953,15729,0.186909,30,0,0,0,1832,0,-1377,0,88,687,0,-263,0,-263,0,-582,0,-6,0,6,2052,0.49,15.879251584234193,0.9766792490506949,1,0.0,0.22680913064594463,0.5736781937000404
RQ7_CONFIRM_camouflaged_c2_p1_28,camouflaged_c2_p1,camouflaged,c2,1,none,standard_dns,1,/opt/praxis/pcaps/RQ7_CONFIRM_camouflaged_c2_p1_28.pcap,/opt/praxis/logs/RQ7_CONFIRM_camouflaged_c2_p1_28_browser.json,20441,52,26,26,0,10872,4953,15825,0.186969,32,0,0,0,1832,0,-1377,0,88,687,0,-263,0,-263,0,-582,0,-6,0,6,2084,0.5,15.899846502612808,0.9858283698825787,1,0.0,0.2734337056823701,0.5837116147430211
RQ7_CONFIRM_camouflaged_c2_p1_29,camouflaged_c2_p1,camouflaged,c2,1,none,standard_dns,1,/opt/praxis/pcaps/RQ7_CONFIRM_camouflaged_c2_p1_29.pcap,/opt/praxis/logs/RQ7_CONFIRM_camouflaged_c2_p1_29_browser.json,20689,56,28,28,0,10744,4977,15721,0.19442,38,0,0,0,1800,0,-1377,0,88,687,0,-263,0,-263,0,-216,0,-374,0,-6,0,0.485,14.687054677399123,0.44705571010245276,1,0.0,0.39388052452646916,0.3944135247621819
RQ7_CONFIRM_camouflaged_c2_p1_30,camouflaged_c2_p1,camouflaged,c2,1,none,standard_dns,1,/opt/praxis/pcaps/RQ7_CONFIRM_camouflaged_c2_p1_30.pcap,/opt/praxis/logs/RQ7_CONFIRM_camouflaged_c2_p1_30_browser.json,20561,54,27,27,0,10808,4961,15769,0.19206,34,0,0,0,1768,0,-1377,0,88,687,0,-263,0,-263,0,-216,0,-374,-6,0,0,0.485,14.65330121640383,0.432061016389033,1,0.0,0.3317144244779019,0.38605707696005664
RQ7_CONFIRM_camouflaged_c2_p1_31,camouflaged_c2_p1,camouflaged,c2,1,none,standard_dns,1,/opt/praxis/pcaps/RQ7_CONFIRM_camouflaged_c2_p1_31.pcap,/opt/praxis/logs/RQ7_CONFIRM_camouflaged_c2_p1_31_browser.json,20377,53,26,27,0,10704,4969,15673,0.188454,34,0,0,0,1736,0,-1377,0,88,687,0,-263,0,-263,0,-582,0,-6,0,6,2084,0.5,15.914028310656766,0.9921285199013077,1,0.0,0.24235065565808644,0.584362514748362
RQ7_CONFIRM_camouflaged_c2_p1_32,camouflaged_c2_p1,camouflaged,c2,1,none,standard_dns,1,/opt/praxis/pcaps/RQ7_CONFIRM_camouflaged_c2_p1_32.pcap,/opt/praxis/logs/RQ7_CONFIRM_camouflaged_c2_p1_32_browser.json,20601,56,28,28,0,10648,4985,15633,0.189031,34,0,0,0,1768,0,-1377,0,88,687,0,-263,0,-263,0,-216,0,-374,0,-6,0,0.485,14.660823091478367,0.43540254669636963,1,0.0,0.3511413307430792,0.3881979578808833
RQ7_CONFIRM_camouflaged_c2_p1_33,camouflaged_c2_p1,camouflaged,c2,1,none,standard_dns,1,/opt/praxis/pcaps/RQ7_CONFIRM_camouflaged_c2_p1_33.pcap,/opt/praxis/logs/RQ7_CONFIRM_camouflaged_c2_p1_33_browser.json,20105,51,26,25,0,10608,4969,15577,0.184619,32,0,0,0,1736,0,-1377,0,88,687,0,-263,0,-263,0,-582,0,-6,0,6,2020,0.49,15.879551984297551,0.9768126992750191,1,0.0,0.11024769305488101,0.5678968293990008
RQ7_CONFIRM_camouflaged_c2_p1_34,camouflaged_c2_p1,camouflaged,c2,1,none,standard_dns,1,/opt/praxis/pcaps/RQ7_CONFIRM_camouflaged_c2_p1_34.pcap,/opt/praxis/logs/RQ7_CONFIRM_camouflaged_c2_p1_34_browser.json,20217,52,26,26,0,10648,4953,15601,0.188466,34,0,0,0,1736,0,-1377,0,88,687,0,-263,0,-263,0,-582,0,-6,0,6,2052,0.49,15.903030162894227,0.9872426844269188,1,0.0,0.16464303059737737,0.5742670910792904
RQ7_CONFIRM_camouflaged_c2_p1_35,camouflaged_c2_p1,camouflaged,c2,1,none,standard_dns,1,/opt/praxis/pcaps/RQ7_CONFIRM_camouflaged_c2_p1_35.pcap,/opt/praxis/logs/RQ7_CONFIRM_camouflaged_c2_p1_35_browser.json,20689,56,28,28,0,10744,4977,15721,0.182962,38,0,0,0,1736,0,-1377,0,88,687,0,-263,0,-263,0,-216,0,-374,-6,0,0,0.485,14.686146221223751,0.4466521360184894,1,0.0,0.39388052452646916,0.39427227383279473
RQ7_CONFIRM_camouflaged_c2_p1_36,camouflaged_c2_p1,camouflaged,c2,1,none,standard_dns,1,/opt/praxis/pcaps/RQ7_CONFIRM_camouflaged_c2_p1_36.pcap,/opt/praxis/logs/RQ7_CONFIRM_camouflaged_c2_p1_36_browser.json,20225,52,26,26,0,10648,4961,15609,0.184936,32,0,0,0,1736,0,-1377,0,88,687,0,-263,0,-263,0,-582,0,-6,0,6,2052,0.49,15.890609305978478,0.9817248222694395,1,0.0,0.1685284118504128,0.5725301083868244
RQ7_CONFIRM_camouflaged_c2_p1_37,camouflaged_c2_p1,camouflaged,c2,1,none,standard_dns,1,/opt/praxis/pcaps/RQ7_CONFIRM_camouflaged_c2_p1_37.pcap,/opt/praxis/logs/RQ7_CONFIRM_camouflaged_c2_p1_37_browser.json,20569,54,27,27,0,10808,4969,15777,0.189214,36,0,0,0,1800,0,-1377,0,88,687,0,-263,0,-263,0,-216,0,-374,0,-6,0,0.485,14.666938233968972,0.43811914777835453,1,0.0,0.33559980573093734,0.3883716920089709
RQ7_CONFIRM_camouflaged_c2_p1_38,camouflaged_c2_p1,camouflaged,c2,1,none,standard_dns,1,/opt/praxis/pcaps/RQ7_CONFIRM_camouflaged_c2_p1_38.pcap,/opt/praxis/logs/RQ7_CONFIRM_camouflaged_c2_p1_38_browser.json,20529,54,27,27,0,10768,4969,15737,0.192467,34,0,0,0,1800,0,-1377,0,88,687,0,-263,0,-263,0,-216,0,-374,-6,0,0,0.485,14.653770689020053,0.43226957568575447,1,0.0,0.3161728994657601,0.38535299646330207
RQ7_CONFIRM_camouflaged_c2_p1_39,camouflaged_c2_p1,camouflaged,c2,1,none,standard_dns,1,/opt/praxis/pcaps/RQ7_CONFIRM_camouflaged_c2_p1_39.pcap,/opt/praxis/logs/RQ7_CONFIRM_camouflaged_c2_p1_39_browser.json,20561,54,27,27,0,10808,4961,15769,0.186439,36,0,0,0,1800,0,-1377,0,88,687,0,-263,0,-263,0,-216,0,-374,0,-6,0,0.485,14.666947263942067,0.4381231592686374,1,0.0,0.3317144244779019,0.38817882696791817
RQ7_CONFIRM_camouflaged_c2_p1_40,camouflaged_c2_p1,camouflaged,c2,1,none,standard_dns,1,/opt/praxis/pcaps/RQ7_CONFIRM_camouflaged_c2_p1_40.pcap,/opt/praxis/logs/RQ7_CONFIRM_camouflaged_c2_p1_40_browser.json,20441,53,26,27,0,10776,4961,15737,0.188658,34,0,0,0,1800,0,-1377,0,88,687,0,-263,0,-263,0,-216,0,-374,0,-6,0,0.485,14.649703202780824,0.4304626288263109,1,0.0,0.2734337056823701,0.3825836053733273
RQ7_CONFIRM_camouflaged_c2_p1_41,camouflaged_c2_p1,camouflaged,c2,1,none,standard_dns,1,/opt/praxis/pcaps/RQ7_CONFIRM_camouflaged_c2_p1_41.pcap,/opt/praxis/logs/RQ7_CONFIRM_camouflaged_c2_p1_41_browser.json,20681,56,28,28,0,10744,4969,15713,0.185442,34,0,0,0,1800,0,-1377,0,88,687,0,-263,0,-263,0,-216,0,-374,-6,0,0,0.485,14.66152901593728,0.43571614775338974,1,0.0,0.3899951432734337,0.39025040887735807
RQ7_CONFIRM_camouflaged_c2_p1_42,camouflaged_c2_p1,camouflaged,c2,1,none,standard_dns,1,/opt/praxis/pcaps/RQ7_CONFIRM_camouflaged_c2_p1_42.pcap,/opt/praxis/logs/RQ7_CONFIRM_camouflaged_c2_p1_42_browser.json,20601,56,27,29,0,10648,4985,15633,0.183959,38,0,0,0,1768,0,-1377,0,88,687,0,-263,0,-263,0,-216,0,-374,0,-6,0,0.485,14.686044776576377,0.44660707007943057,1,0.0,0.3511413307430792,0.3921195410649546
RQ7_CONFIRM_camouflaged_c2_p1_43,camouflaged_c2_p1,camouflaged,c2,1,none,standard_dns,1,/opt/praxis/pcaps/RQ7_CONFIRM_camouflaged_c2_p1_43.pcap,/opt/praxis/logs/RQ7_CONFIRM_camouflaged_c2_p1_43_browser.json,20537,55,28,27,0,10680,4977,15657,0.187186,36,0,0,0,1736,0,-1377,0,88,687,0,-263,0,-263,0,-216,0,-374,0,-6,0,0.485,14.669756374611357,0.43937108326964497,1,0.0,0.32005828071879555,0.3880327931803155
RQ7_CONFIRM_camouflaged_c2_p1_44,camouflaged_c2_p1,camouflaged,c2,1,none,standard_dns,1,/opt/praxis/pcaps/RQ7_CONFIRM_camouflaged_c2_p1_44.pcap,/opt/praxis/logs/RQ7_CONFIRM_camouflaged_c2_p1_44_browser.json,20481,52,27,25,0,10904,4961,15865,0.187357,30,0,0,0,1832,0,-1377,0,88,687,0,-263,0,-263,0,-582,0,-6,0,6,2084,0.5,15.887268618997748,0.9802407499227419,1,0.0,0.29286061194754737,0.582727293070337
RQ7_CONFIRM_camouflaged_c2_p1_45,camouflaged_c2_p1,camouflaged,c2,1,none,standard_dns,1,/opt/praxis/pcaps/RQ7_CONFIRM_camouflaged_c2_p1_45.pcap,/opt/praxis/logs/RQ7_CONFIRM_camouflaged_c2_p1_45_browser.json,20625,56,28,28,0,10680,4977,15657,0.190874,38,0,0,0,1768,0,-1377,0,88,687,0,-263,0,-263,0,-216,0,-374,0,-6,0,0.485,14.686450722668045,0.44678740824710966,1,0.0,0.3627974745021855,0.3927654666115976
RQ7_CONFIRM_camouflaged_c2_p1_46,camouflaged_c2_p1,camouflaged,c2,1,none,standard_dns,1,/opt/praxis/pcaps/RQ7_CONFIRM_camouflaged_c2_p1_46.pcap,/opt/praxis/logs/RQ7_CONFIRM_camouflaged_c2_p1_46_browser.json,20289,52,26,26,0,10704,4969,15673,0.181052,38,0,0,0,1800,0,-1377,0,88,687,0,-263,0,-263,0,-216,0,-374,0,-6,0,0.485,14.671612880479875,0.4401958205278327,1,0.0,0.19961146187469644,0.38229911027847624
RQ7_CONFIRM_camouflaged_c2_p1_47,camouflaged_c2_p1,camouflaged,c2,1,none,standard_dns,1,/opt/praxis/pcaps/RQ7_CONFIRM_camouflaged_c2_p1_47.pcap,/opt/praxis/logs/RQ7_CONFIRM_camouflaged_c2_p1_47_browser.json,20513,54,26,28,0,10744,4977,15721,0.181752,34,0,0,0,1800,0,-1377,0,88,687,0,-263,0,-263,0,-582,0,-6,0,6,2052,0.49,15.911136890563247,0.990844030624632,1,0.0,0.30840213695968915,0.5827155175666057
RQ7_CONFIRM_camouflaged_c2_p1_48,camouflaged_c2_p1,camouflaged,c2,1,none,standard_dns,1,/opt/praxis/pcaps/RQ7_CONFIRM_camouflaged_c2_p1_48.pcap,/opt/praxis/logs/RQ7_CONFIRM_camouflaged_c2_p1_48_browser.json,20401,54,27,27,0,10640,4969,15609,0.190794,36,0,0,0,1800,0,-1377,0,88,687,0,-263,0,-263,0,-216,0,-374,0,-6,0,0.485,14.666589187869748,0.4379640869580595,1,0.0,0.2540067994171928,0.38423777040618046
RQ7_CONFIRM_camouflaged_c2_p1_49,camouflaged_c2_p1,camouflaged,c2,1,none,standard_dns,1,/opt/praxis/pcaps/RQ7_CONFIRM_camouflaged_c2_p1_49.pcap,/opt/praxis/logs/RQ7_CONFIRM_camouflaged_c2_p1_49_browser.json,20465,54,27,27,0,10712,4961,15673,0.185285,32,0,0,0,1832,0,-1377,0,88,687,0,-263,0,-263,0,-216,0,-374,0,-6,0,0.485,14.640691203220285,0.4264591231361954,1,0.0,0.2850898494414764,0.3817651855697422
RQ7_CONFIRM_camouflaged_c2_p1_50,camouflaged_c2_p1,camouflaged,c2,1,none,standard_dns,1,/opt/praxis/pcaps/RQ7_CONFIRM_camouflaged_c2_p1_50.pcap,/opt/praxis/logs/RQ7_CONFIRM_camouflaged_c2_p1_50_browser.json,20529,54,27,27,0,10776,4961,15737,0.181503,36,0,0,0,1832,0,-1377,0,88,687,0,-263,0,-263,0,-216,0,-374,0,-6,0,0.485,14.667466992513896,0.4383540443547558,1,0.0,0.3161728994657601,0.3874825604974525
RQ7_CONFIRM_default_c2_p1_01,default_c2_p1,default,c2,1,none,standard_dns,1,/opt/praxis/pcaps/RQ7_CONFIRM_default_c2_p1_01.pcap,/opt/praxis/logs/RQ7_CONFIRM_default_c2_p1_01_browser.json,20310,54,27,27,0,10557,4961,15518,0.189242,38,0,0,0,1736,0,-1377,0,88,663,0,-263,0,-263,0,-216,0,-374,0,-6,0,0.485,14.662171180913381,0.4360014241916035,1,0.0,0.20981058766391453,0.3813410278502569
RQ7_CONFIRM_default_c2_p1_02,default_c2_p1,default,c2,1,none,standard_dns,1,/opt/praxis/pcaps/RQ7_CONFIRM_default_c2_p1_02.pcap,/opt/praxis/logs/RQ7_CONFIRM_default_c2_p1_02_browser.json,20446,54,27,27,0,10685,4969,15654,0.189728,40,0,0,0,1768,0,-1377,0,88,663,0,-263,0,-263,0,-216,0,-374,0,-6,0,0.485,14.67514040908663,0.4417628957095746,1,0.0,0.27586206896551724,0.38666011694662694
RQ7_CONFIRM_default_c2_p1_03,default_c2_p1,default,c2,1,none,standard_dns,1,/opt/praxis/pcaps/RQ7_CONFIRM_default_c2_p1_03.pcap,/opt/praxis/logs/RQ7_CONFIRM_default_c2_p1_03_browser.json,20030,52,26,26,0,10461,4953,15414,0.196199,34,0,0,0,1768,0,-1377,0,88,663,0,-263,0,-263,0,-582,0,-6,0,6,1988,0.49,15.873357292509477,0.9740607590806737,1,0.0,0.07382224380767363,0.5651123778686195
RQ7_CONFIRM_default_c2_p1_04,default_c2_p1,default,c2,1,none,standard_dns,1,/opt/praxis/pcaps/RQ7_CONFIRM_default_c2_p1_04.pcap,/opt/praxis/logs/RQ7_CONFIRM_default_c2_p1_04_browser.json,20438,55,27,28,0,10589,4969,15558,0.190956,36,0,0,0,1768,0,-1377,0,88,663,0,-263,0,-263,0,-216,0,-374,0,-6,0,0.485,14.653830151156965,0.43229599124446316,1,0.0,0.2719766877124818,0.3831524313211862
RQ7_CONFIRM_default_c2_p1_05,default_c2_p1,default,c2,1,none,standard_dns,1,/opt/praxis/pcaps/RQ7_CONFIRM_default_c2_p1_05.pcap,/opt/praxis/logs/RQ7_CONFIRM_default_c2_p1_05_browser.json,20254,52,26,26,0,10685,4953,15638,0.188936,34,0,0,0,1832,0,-1377,0,88,663,0,-263,0,-263,0,-582,0,-6,0,6,2052,0.49,15.88999109313962,0.9814501863685564,1,0.0,0.18261291889266634,0.5731382111736281
RQ7_CONFIRM_default_c2_p1_06,default_c2_p1,default,c2,1,none,standard_dns,1,/opt/praxis/pcaps/RQ7_CONFIRM_default_c2_p1_06.pcap,/opt/praxis/logs/RQ7_CONFIRM_default_c2_p1_06_browser.json,20318,53,26,27,0,10645,4969,15614,0.192563,32,0,0,0,1800,0,-1377,0,88,663,0,-263,0,-263,0,-216,0,-374,0,-6,0,0.485,14.62004845344297,0.417288753604112,1,0.0,0.21369596891694997,0.37498586220728675
RQ7_CONFIRM_default_c2_p1_07,default_c2_p1,default,c2,1,none,standard_dns,1,/opt/praxis/pcaps/RQ7_CONFIRM_default_c2_p1_07.pcap,/opt/praxis/logs/RQ7_CONFIRM_default_c2_p1_07_browser.json,20222,52,26,26,0,10645,4961,15606,0.188237,32,0,0,0,1768,0,-1377,0,88,663,0,-263,0,-263,0,-216,0,-374,0,-6,0,0.485,14.615824198068406,0.4154121633629601,1,0.0,0.16707139388052453,0.37199782687106225
RQ7_CONFIRM_default_c2_p1_08,default_c2_p1,default,c2,1,none,standard_dns,1,/opt/praxis/pcaps/RQ7_CONFIRM_default_c2_p1_08.pcap,/opt/praxis/logs/RQ7_CONFIRM_default_c2_p1_08_browser.json,20438,55,28,27,0,10589,4969,15558,0.187041,32,0,0,0,1800,0,-1377,0,88,663,0,-263,0,-263,0,-216,0,-374,0,-6,0,0.485,14.628208554329127,0.42091381040867454,1,0.0,0.2719766877124818,0.37916866802866017
RQ7_CONFIRM_default_c2_p1_09,default_c2_p1,default,c2,1,none,standard_dns,1,/opt/praxis/pcaps/RQ7_CONFIRM_default_c2_p1_09.pcap,/opt/praxis/logs/RQ7_CONFIRM_default_c2_p1_09_browser.json,20070,51,25,26,0,10581,4961,15542,0.188315,34,0,0,0,1832,0,-1377,0,88,663,0,-263,0,-263,0,-582,0,-6,0,6,1988,0.49,15.870831907411713,0.9729388777999753,1,0.0,0.0932491500728509,0.565691064733634
RQ7_CONFIRM_default_c2_p1_10,default_c2_p1,default,c2,1,none,standard_dns,1,/opt/praxis/pcaps/RQ7_CONFIRM_default_c2_p1_10.pcap,/opt/praxis/logs/RQ7_CONFIRM_default_c2_p1_10_browser.json,20502,55,28,27,0,10653,4969,15622,0.188032,38,0,0,0,1800,0,-1377,0,88,663,0,-263,0,-263,0,-216,0,-374,0,-6,0,0.485,14.667535856480951,0.43838463659814153,1,0.0,0.3030597377367654,0.3868376096961878
RQ7_CONFIRM_default_c2_p1_11,default_c2_p1,default,c2,1,none,standard_dns,1,/opt/praxis/pcaps/RQ7_CONFIRM_default_c2_p1_11.pcap,/opt/praxis/logs/RQ7_CONFIRM_default_c2_p1_11_browser.json,20470,55,28,27,0,10621,4969,15590,0.193895,30,0,0,0,1832,0,-1377,0,88,663,0,-263,0,-263,0,-216,0,-374,0,-6,0,0.485,14.61458336316596,0.4148609327998571,1,0.0,0.2875182127246236,0.3778272371161811
RQ7_CONFIRM_default_c2_p1_12,default_c2_p1,default,c2,1,none,standard_dns,1,/opt/praxis/pcaps/RQ7_CONFIRM_default_c2_p1_12.pcap,/opt/praxis/logs/RQ7_CONFIRM_default_c2_p1_12_browser.json,20222,54,28,26,0,10461,4969,15430,0.186845,34,0,0,0,1800,0,-1377,0,88,663,0,-263,0,-263,0,-582,0,-6,0,6,1988,0.49,15.881580511279143,0.9777138554789006,1,0.0,0.16707139388052453,0.5710534191116414
RQ7_CONFIRM_default_c2_p1_13,default_c2_p1,default,c2,1,none,standard_dns,1,/opt/praxis/pcaps/RQ7_CONFIRM_default_c2_p1_13.pcap,/opt/praxis/logs/RQ7_CONFIRM_default_c2_p1_13_browser.json,20502,56,28,28,0,10557,4977,15534,0.186977,34,0,0,0,1736,0,-1377,0,88,663,0,-263,0,-263,0,-216,0,-374,0,-6,0,0.485,14.644319833926037,0.42807111208273463,1,0.0,0.3030597377367654,0.3832278761157954
RQ7_CONFIRM_default_c2_p1_14,default_c2_p1,default,c2,1,none,standard_dns,1,/opt/praxis/pcaps/RQ7_CONFIRM_default_c2_p1_14.pcap,/opt/praxis/logs/RQ7_CONFIRM_default_c2_p1_14_browser.json,20350,54,27,27,0,10589,4969,15558,0.190316,36,0,0,0,1768,0,-1377,0,88,663,0,-263,0,-263,0,-216,0,-374,0,-6,0,0.485,14.650186014561344,0.43067711393559016,1,0.0,0.2292374939290918,0.38044886457391114
RQ7_CONFIRM_default_c2_p1_15,default_c2_p1,default,c2,1,none,standard_dns,1,/opt/praxis/pcaps/RQ7_CONFIRM_default_c2_p1_15.pcap,/opt/praxis/logs/RQ7_CONFIRM_default_c2_p1_15_browser.json,20158,53,26,27,0,10485,4969,15454,0.191367,36,0,0,0,1736,0,-1377,0,88,663,0,-263,0,-263,0,-216,0,-374,0,-6,0,0.485,14.645326723895225,0.4285184145591592,1,0.0,0.1359883438562409,0.37503086228851773
RQ7_CONFIRM_default_c2_p1_16,default_c2_p1,default,c2,1,none,standard_dns,1,/opt/praxis/pcaps/RQ7_CONFIRM_default_c2_p1_16.pcap,/opt/praxis/logs/RQ7_CONFIRM_default_c2_p1_16_browser.json,20390,54,27,27,0,10621,4977,15598,0.190135,36,0,0,0,1736,0,-1377,0,88,663,0,-263,0,-263,0,-216,0,-374,0,-6,0,0.485,14.64974443053241,0.43048094391132136,1,0.0,0.24866440019426905,0.38135155037867596
RQ7_CONFIRM_default_c2_p1_17,default_c2_p1,default,c2,1,none,standard_dns,1,/opt/praxis/pcaps/RQ7_CONFIRM_default_c2_p1_17.pcap,/opt/praxis/logs/RQ7_CONFIRM_default_c2_p1_17_browser.json,20342,55,27,28,0,10493,4969,15462,0.18957,32,0,0,0,1736,0,-1377,0,88,663,0,-263,0,-263,0,-216,0,-374,0,-6,0,0.485,14.626498334544696,0.4201540595240539,1,0.0,0.22535211267605634,0.37657152646722164
RQ7_CONFIRM_default_c2_p1_18,default_c2_p1,default,c2,1,none,standard_dns,1,/opt/praxis/pcaps/RQ7_CONFIRM_default_c2_p1_18.pcap,/opt/praxis/logs/RQ7_CONFIRM_default_c2_p1_18_browser.json,20374,54,27,27,0,10621,4961,15582,0.190205,34,0,0,0,1832,0,-1377,0,88,663,0,-263,0,-263,0,-216,0,-374,0,-6,0,0.485,14.638205330557343,0.4253547949253316,1,0.0,0.24089363768819816,0.379168860108276
RQ7_CONFIRM_default_c2_p1_19,default_c2_p1,default,c2,1,none,standard_dns,1,/opt/praxis/pcaps/RQ7_CONFIRM_default_c2_p1_19.pcap,/opt/praxis/logs/RQ7_CONFIRM_default_c2_p1_19_browser.json,20438,54,27,27,0,10685,4961,15646,0.183457,30,0,0,0,1800,0,-1377,0,88,663,0,-263,0,-263,0,-216,0,-374,0,-6,0,0.485,14.610210337625714,0.41291825265259524,1,0.0,0.2719766877124818,0.37637022281403243
RQ7_CONFIRM_default_c2_p1_20,default_c2_p1,default,c2,1,none,standard_dns,1,/opt/praxis/pcaps/RQ7_CONFIRM_default_c2_p1_20.pcap,/opt/praxis/logs/RQ7_CONFIRM_default_c2_p1_20_browser.json,20310,54,27,27,0,10557,4961,15518,0.188362,32,0,0,0,1832,0,-1377,0,88,663,0,-263,0,-263,0,-216,0,-374,0,-6,0,0.485,14.624534483380412,0.4192816350129412,1,0.0,0.20981058766391453,0.37548910163772514
RQ7_CONFIRM_default_c2_p1_21,default_c2_p1,default,c2,1,none,standard_dns,1,/opt/praxis/pcaps/RQ7_CONFIRM_default_c2_p1_21.pcap,/opt/praxis/logs/RQ7_CONFIRM_default_c2_p1_21_browser.json,20158,52,26,26,0,10589,4953,15542,0.189295,30,0,0,0,1800,0,-1377,0,88,663,0,-263,0,-263,0,-582,0,-6,0,6,2020,0.49,15.856282114379155,0.966475253517201,1,0.0,0.1359883438562409,0.5655657559238324
RQ7_CONFIRM_default_c2_p1_22,default_c2_p1,default,c2,1,none,standard_dns,1,/opt/praxis/pcaps/RQ7_CONFIRM_default_c2_p1_22.pcap,/opt/praxis/logs/RQ7_CONFIRM_default_c2_p1_22_browser.json,20134,52,26,26,0,10557,4961,15518,0.183099,32,0,0,0,1736,0,-1377,0,88,663,0,-263,0,-263,0,-582,0,-6,0,6,2052,0.49,15.875900038840033,0.9751903529443351,1,0.0,0.12433220009713453,0.568033233535374
RQ7_CONFIRM_default_c2_p1_23,default_c2_p1,default,c2,1,none,standard_dns,1,/opt/praxis/pcaps/RQ7_CONFIRM_default_c2_p1_23.pcap,/opt/praxis/logs/RQ7_CONFIRM_default_c2_p1_23_browser.json,20462,56,28,28,0,10525,4969,15494,0.182594,34,0,0,0,1736,0,-1377,0,88,663,0,-263,0,-263,0,-216,0,-374,0,-6,0,0.485,14.644287138110391,0.4280565872391522,1,0.0,0.28363283147158813,0.3822514471072827
RQ7_CONFIRM_default_c2_p1_24,default_c2_p1,default,c2,1,none,standard_dns,1,/opt/praxis/pcaps/RQ7_CONFIRM_default_c2_p1_24.pcap,/opt/praxis/logs/RQ7_CONFIRM_default_c2_p1_24_browser.json,20214,54,27,27,0,10453,4969,15422,0.183381,36,0,0,0,1736,0,-1377,0,88,663,0,-263,0,-263,0,-216,0,-374,0,-6,0,0.485,14.649474283340927,0.4303609332731712,1,0.0,0.16318601262748908,0.3770356272769843
RQ7_CONFIRM_default_c2_p1_25,default_c2_p1,default,c2,1,none,standard_dns,1,/opt/praxis/pcaps/RQ7_CONFIRM_default_c2_p1_25.pcap,/opt/praxis/logs/RQ7_CONFIRM_default_c2_p1_25_browser.json,20534,56,27,29,0,10589,4977,15566,0.190506,32,0,0,0,1800,0,-1377,0,88,663,0,-263,0,-263,0,-216,0,-374,0,-6,0,0.485,14.631372933573155,0.42231955951286043,1,0.0,0.3186012627489072,0.3819919089669465
RQ7_CONFIRM_default_c2_p1_26,default_c2_p1,default,c2,1,none,standard_dns,1,/opt/praxis/pcaps/RQ7_CONFIRM_default_c2_p1_26.pcap,/opt/praxis/logs/RQ7_CONFIRM_default_c2_p1_26_browser.json,20310,54,27,27,0,10557,4961,15518,0.194178,34,0,0,0,1736,0,-1377,0,88,663,0,-263,0,-263,0,-216,0,-374,0,-6,0,0.485,14.636448940378244,0.42457453322770866,1,0.0,0.20981058766391453,0.37734161601289373
RQ7_CONFIRM_default_c2_p1_27,default_c2_p1,default,c2,1,none,standard_dns,1,/opt/praxis/pcaps/RQ7_CONFIRM_default_c2_p1_27.pcap,/opt/praxis/logs/RQ7_CONFIRM_default_c2_p1_27_browser.json,20406,54,27,27,0,10653,4961,15614,0.189932,30,0,0,0,1736,0,-1377,0,88,663,0,-263,0,-263,0,-216,0,-374,0,-6,0,0.485,14.608999550200384,0.41238037043075654,1,0.0,0.25643516270033995,0.3754048877857818
RQ7_CONFIRM_default_c2_p1_28,default_c2_p1,default,c2,1,none,standard_dns,1,/opt/praxis/pcaps/RQ7_CONFIRM_default_c2_p1_28.pcap,/opt/praxis/logs/RQ7_CONFIRM_default_c2_p1_28_browser.json,20622,57,28,29,0,10589,4977,15566,0.188902,36,0,0,0,1800,0,-1377,0,88,663,0,-263,0,-263,0,-216,0,-374,0,-6,0,0.485,14.662060365392144,0.4359521953199367,1,0.0,0.36134045653229724,0.3889002911885927
RQ7_CONFIRM_default_c2_p1_29,default_c2_p1,default,c2,1,none,standard_dns,1,/opt/praxis/pcaps/RQ7_CONFIRM_default_c2_p1_29.pcap,/opt/praxis/logs/RQ7_CONFIRM_default_c2_p1_29_browser.json,20350,53,26,27,0,10677,4969,15646,0.190608,40,0,0,0,1768,0,-1377,0,88,663,0,-263,0,-263,0,-216,0,-374,0,-6,0,0.485,14.671014055033291,0.4399297973143737,1,0.0,0.2292374939290918,0.38368730375648535
RQ7_CONFIRM_default_c2_p1_30,default_c2_p1,default,c2,1,none,standard_dns,1,/opt/praxis/pcaps/RQ7_CONFIRM_default_c2_p1_30.pcap,/opt/praxis/logs/RQ7_CONFIRM_default_c2_p1_30_browser.json,20342,54,27,27,0,10589,4961,15550,0.193628,32,0,0,0,1768,0,-1377,0,88,663,0,-263,0,-263,0,-216,0,-374,-6,0,0,0.485,14.623483972610394,0.41881495435932586,1,0.0,0.22535211267605634,0.3761028396595668
RQ7_CONFIRM_default_c2_p1_31,default_c2_p1,default,c2,1,none,standard_dns,1,/opt/praxis/pcaps/RQ7_CONFIRM_default_c2_p1_31.pcap,/opt/praxis/logs/RQ7_CONFIRM_default_c2_p1_31_browser.json,20318,55,28,27,0,10461,4977,15438,0.186683,34,0,0,0,1768,0,-1377,0,88,663,0,-263,0,-263,0,-216,0,-374,0,-6,0,0.485,14.64102709563992,0.42660834054396835,1,0.0,0.21369596891694997,0.37824771763623644
RQ7_CONFIRM_default_c2_p1_32,default_c2_p1,default,c2,1,none,standard_dns,1,/opt/praxis/pcaps/RQ7_CONFIRM_default_c2_p1_32.pcap,/opt/praxis/logs/RQ7_CONFIRM_default_c2_p1_32_browser.json,20630,56,28,28,0,10685,4977,15662,0.186946,32,0,0,0,1768,0,-1377,0,88,663,0,-263,0,-263,0,-216,0,-374,-6,0,0,0.485,14.631543940553666,0.4223955279386158,1,0.0,0.3652258377853327,0.3843497266677821
RQ7_CONFIRM_default_c2_p1_33,default_c2_p1,default,c2,1,none,standard_dns,1,/opt/praxis/pcaps/RQ7_CONFIRM_default_c2_p1_33.pcap,/opt/praxis/logs/RQ7_CONFIRM_default_c2_p1_33_browser.json,20134,52,26,26,0,10549,4969,15518,0.190991,34,0,0,0,1768,0,-1377,0,88,663,0,-263,0,-263,0,-216,0,-374,-6,0,0,0.485,14.629203327082685,0.42135572991305165,1,0.0,0.12433220009713453,0.37194111547442477
RQ7_CONFIRM_default_c2_p1_34,default_c2_p1,default,c2,1,none,standard_dns,1,/opt/praxis/pcaps/RQ7_CONFIRM_default_c2_p1_34.pcap,/opt/praxis/logs/RQ7_CONFIRM_default_c2_p1_34_browser.json,20566,55,28,27,0,10717,4969,15686,0.188795,34,0,0,0,1832,0,-1377,0,88,663,0,-263,0,-263,0,-216,0,-374,0,-6,0,0.485,14.642520463494188,0.4272717567660659,1,0.0,0.33414278776104905,0.3845022542561755
RQ7_CONFIRM_default_c2_p1_35,default_c2_p1,default,c2,1,none,standard_dns,1,/opt/praxis/pcaps/RQ7_CONFIRM_default_c2_p1_35.pcap,/opt/praxis/logs/RQ7_CONFIRM_default_c2_p1_35_browser.json,20342,54,27,27,0,10589,4961,15550,0.1877,34,0,0,0,1800,0,-1377,0,88,663,0,-263,0,-263,0,-216,0,-374,0,-6,0,0.485,14.637656751127329,0.4251110930859356,1,0.0,0.22535211267605634,0.37830648821388024
RQ7_CONFIRM_default_c2_p1_36,default_c2_p1,default,c2,1,none,standard_dns,1,/opt/praxis/pcaps/RQ7_CONFIRM_default_c2_p1_36.pcap,/opt/praxis/logs/RQ7_CONFIRM_default_c2_p1_36_browser.json,19878,50,25,25,0,10485,4953,15438,0.184509,32,0,0,0,1768,0,-1377,0,88,663,0,-263,0,-263,0,-582,0,-6,0,6,1988,0.49,15.853702161580461,0.9653291309901839,1,0.0,0.0,0.5583651958465643
RQ7_CONFIRM_default_c2_p1_37,default_c2_p1,default,c2,1,none,standard_dns,1,/opt/praxis/pcaps/RQ7_CONFIRM_default_c2_p1_37.pcap,/opt/praxis/logs/RQ7_CONFIRM_default_c2_p1_37_browser.json,20494,56,28,28,0,10557,4969,15526,0.190411,34,0,0,0,1768,0,-1377,0,88,663,0,-263,0,-263,0,-216,0,-374,0,-6,0,0.485,14.644782143849705,0.42827648941298946,1,0.0,0.29917435648373,0.3831054891187328
RQ7_CONFIRM_default_c2_p1_38,default_c2_p1,default,c2,1,none,standard_dns,1,/opt/praxis/pcaps/RQ7_CONFIRM_default_c2_p1_38.pcap,/opt/praxis/logs/RQ7_CONFIRM_default_c2_p1_38_browser.json,20230,52,25,27,0,10645,4969,15614,0.181452,34,0,0,0,1768,0,-1377,0,88,663,0,-263,0,-263,0,-582,0,-6,0,6,2052,0.49,15.888715754180971,0.9808836276660754,1,0.0,0.17095677513355997,0.5723571084398044
RQ7_CONFIRM_default_c2_p1_39,default_c2_p1,default,c2,1,none,standard_dns,1,/opt/praxis/pcaps/RQ7_CONFIRM_default_c2_p1_39.pcap,/opt/praxis/logs/RQ7_CONFIRM_default_c2_p1_39_browser.json,20470,54,27,27,0,10717,4961,15678,0.191269,30,0,0,0,1768,0,-1377,0,88,663,0,-263,0,-263,0,-582,0,-6,0,6,2084,0.5,15.878239494139907,0.9762296364620381,1,0.0,0.2875182127246236,0.5810562833979446
RQ7_CONFIRM_default_c2_p1_40,default_c2_p1,default,c2,1,none,standard_dns,1,/opt/praxis/pcaps/RQ7_CONFIRM_default_c2_p1_40.pcap,/opt/praxis/logs/RQ7_CONFIRM_default_c2_p1_40_browser.json,20310,54,27,27,0,10557,4961,15518,0.18514,30,0,0,0,1800,0,-1377,0,88,663,0,-263,0,-263,0,-216,0,-374,0,-6,0,0.485,14.609935748280098,0.4127962686244961,1,0.0,0.20981058766391453,0.3732192234017694
RQ7_CONFIRM_default_c2_p1_41,default_c2_p1,default,c2,1,none,standard_dns,1,/opt/praxis/pcaps/RQ7_CONFIRM_default_c2_p1_41.pcap,/opt/praxis/logs/RQ7_CONFIRM_default_c2_p1_41_browser.json,20254,54,27,27,0,10493,4969,15462,0.186114,34,0,0,0,1736,0,-1377,0,88,663,0,-263,0,-263,0,-216,0,-374,0,-6,0,0.485,14.636454523550887,0.42457701350561955,1,0.0,0.18261291889266634,0.37598260067160016
RQ7_CONFIRM_default_c2_p1_42,default_c2_p1,default,c2,1,none,standard_dns,1,/opt/praxis/pcaps/RQ7_CONFIRM_default_c2_p1_42.pcap,/opt/praxis/logs/RQ7_CONFIRM_default_c2_p1_42_browser.json,20374,54,27,27,0,10621,4961,15582,0.187359,34,0,0,0,1800,0,-1377,0,88,663,0,-263,0,-263,0,-216,0,-374,0,-6,0,0.485,14.637724216298288,0.4251410639258147,1,0.0,0.24089363768819816,0.379094054258445
RQ7_CONFIRM_default_c2_p1_43,default_c2_p1,default,c2,1,none,standard_dns,1,/opt/praxis/pcaps/RQ7_CONFIRM_default_c2_p1_43.pcap,/opt/praxis/logs/RQ7_CONFIRM_default_c2_p1_43_browser.json,20470,56,28,28,0,10525,4977,15502,0.182789,36,0,0,0,1736,0,-1377,0,88,663,0,-263,0,-263,0,-216,0,-374,0,-6,0,0.485,14.657367709094206,0.4338675218726794,1,0.0,0.2875182127246236,0.38447954329166895
RQ7_CONFIRM_default_c2_p1_44,default_c2_p1,default,c2,1,none,standard_dns,1,/opt/praxis/pcaps/RQ7_CONFIRM_default_c2_p1_44.pcap,/opt/praxis/logs/RQ7_CONFIRM_default_c2_p1_44_browser.json,20294,52,26,26,0,10717,4961,15678,0.185416,38,0,0,0,1800,0,-1377,0,88,663,0,-263,0,-263,0,-582,0,-6,0,6,2084,0.5,15.92069596850236,0.9950905713245527,1,0.0,0.2020398251578436,0.5833836912214856
RQ7_CONFIRM_default_c2_p1_45,default_c2_p1,default,c2,1,none,standard_dns,1,/opt/praxis/pcaps/RQ7_CONFIRM_default_c2_p1_45.pcap,/opt/praxis/logs/RQ7_CONFIRM_default_c2_p1_45_browser.json,20030,52,26,26,0,10453,4961,15414,0.194644,34,0,0,0,1800,0,-1377,0,88,663,0,-263,0,-263,0,-216,0,-374,0,-6,0,0.485,14.629465565276359,0.42147222704484644,1,0.0,0.07382224380767363,0.36945639165607996
RQ7_CONFIRM_default_c2_p1_46,default_c2_p1,default,c2,1,none,standard_dns,1,/opt/praxis/pcaps/RQ7_CONFIRM_default_c2_p1_46.pcap,/opt/praxis/logs/RQ7_CONFIRM_default_c2_p1_46_browser.json,20310,54,27,27,0,10557,4961,15518,0.183835,34,0,0,0,1736,0,-1377,0,88,663,0,-263,0,-263,0,-582,0,-6,0,6,2052,0.49,15.89560351196873,0.9839434566541032,1,0.0,0.20981058766391453,0.5753707392121318
RQ7_CONFIRM_default_c2_p1_47,default_c2_p1,default,c2,1,none,standard_dns,1,/opt/praxis/pcaps/RQ7_CONFIRM_default_c2_p1_47.pcap,/opt/praxis/logs/RQ7_CONFIRM_default_c2_p1_47_browser.json,20222,52,26,26,0,10653,4953,15606,0.192541,34,0,0,0,1736,0,-1377,0,88,663,0,-263,0,-263,0,-582,0,-6,0,6,2052,0.49,15.888435535666073,0.9807591429264417,1,0.0,0.16707139388052453,0.5721192697182809
RQ7_CONFIRM_default_c2_p1_48,default_c2_p1,default,c2,1,none,standard_dns,1,/opt/praxis/pcaps/RQ7_CONFIRM_default_c2_p1_48.pcap,/opt/praxis/logs/RQ7_CONFIRM_default_c2_p1_48_browser.json,20254,54,27,27,0,10493,4969,15462,0.182903,32,0,0,0,1800,0,-1377,0,88,663,0,-263,0,-263,0,-216,0,-374,0,-6,0,0.485,14.623988438418014,0.41903905908965855,1,0.0,0.18261291889266634,0.3740443166260138
RQ7_CONFIRM_default_c2_p1_49,default_c2_p1,default,c2,1,none,standard_dns,1,/opt/praxis/pcaps/RQ7_CONFIRM_default_c2_p1_49.pcap,/opt/praxis/logs/RQ7_CONFIRM_default_c2_p1_49_browser.json,20230,53,26,27,0,10557,4969,15526,0.188622,38,0,0,0,1800,0,-1377,0,88,663,0,-263,0,-263,0,-582,0,-6,0,6,2020,0.49,15.908874769884108,0.9898391023676091,1,0.0,0.17095677513355997,0.5754915245853411
RQ7_CONFIRM_default_c2_p1_50,default_c2_p1,default,c2,1,none,standard_dns,1,/opt/praxis/pcaps/RQ7_CONFIRM_default_c2_p1_50.pcap,/opt/praxis/logs/RQ7_CONFIRM_default_c2_p1_50_browser.json,20126,52,26,26,0,10557,4953,15510,0.182422,30,0,0,0,1800,0,-1377,0,88,663,0,-263,0,-263,0,-582,0,-6,0,6,2084,0.5,15.871296047378532,0.9731450681116469,1,0.0,0.12044681884409908,0.5716231147812814
