session_id,config_id,browser_profile,mux_mode,parallel,padding_mode,resolver_mode,success,pcap_file,browser_log,pcap_size_bytes,packet_count,out_packets,in_packets,unknown_packets,out_payload_bytes,in_payload_bytes,total_payload_bytes,flow_duration_seconds,burst_count,len_1,len_2,len_3,len_4,len_5,len_6,len_7,len_8,len_9,len_10,len_11,len_12,len_13,len_14,len_15,len_16,len_17,len_18,len_19,len_20
RQ6_EXPAND_baseline_default_off_01,baseline_default_off,default,off,1,none,standard_dns,1,/opt/praxis/pcaps/RQ6_EXPAND_baseline_default_off_01.pcap,/opt/praxis/logs/RQ6_EXPAND_baseline_default_off_01_browser.json,21449,69,35,34,0,10458,4831,15289,1.141893,42,0,0,0,1759,0,-1369,0,80,655,0,-255,0,-255,0,-208,0,-366,0,0,0
RQ6_EXPAND_baseline_default_off_02,baseline_default_off,default,off,1,none,standard_dns,1,/opt/praxis/pcaps/RQ6_EXPAND_baseline_default_off_02.pcap,/opt/praxis/logs/RQ6_EXPAND_baseline_default_off_02_browser.json,21609,69,35,34,0,10618,4831,15449,1.144759,44,0,0,0,1823,0,-1369,0,80,655,0,-255,0,-255,0,-208,-366,0,0,0,0
RQ6_EXPAND_baseline_default_off_03,baseline_default_off,default,off,1,none,standard_dns,1,/opt/praxis/pcaps/RQ6_EXPAND_baseline_default_off_03.pcap,/opt/praxis/logs/RQ6_EXPAND_baseline_default_off_03_browser.json,21601,70,36,34,0,10522,4831,15353,1.137904,42,0,0,0,1791,0,-1369,0,80,655,0,-255,0,-255,0,-208,0,-366,0,0,0
RQ6_EXPAND_baseline_default_off_04,baseline_default_off,default,off,1,none,standard_dns,1,/opt/praxis/pcaps/RQ6_EXPAND_baseline_default_off_04.pcap,/opt/praxis/logs/RQ6_EXPAND_baseline_default_off_04_browser.json,21305,67,34,33,0,10490,4831,15321,1.144262,40,0,0,0,1823,0,-1369,0,80,655,0,-255,0,-255,0,-574,0,0,0,0,0
RQ6_EXPAND_baseline_default_off_05,baseline_default_off,default,off,1,none,standard_dns,1,/opt/praxis/pcaps/RQ6_EXPAND_baseline_default_off_05.pcap,/opt/praxis/logs/RQ6_EXPAND_baseline_default_off_05_browser.json,21425,68,35,33,0,10522,4831,15353,1.144574,44,0,0,0,1759,0,-1369,0,80,655,0,-255,0,-255,0,-208,0,-366,0,0,0
RQ6_EXPAND_baseline_default_off_06,baseline_default_off,default,off,1,none,standard_dns,1,/opt/praxis/pcaps/RQ6_EXPAND_baseline_default_off_06.pcap,/opt/praxis/logs/RQ6_EXPAND_baseline_default_off_06_browser.json,21609,69,35,34,0,10618,4831,15449,1.141505,44,0,0,0,1791,0,-1369,0,80,655,0,-255,0,-255,0,-208,0,-366,0,0,0
RQ6_EXPAND_baseline_default_off_07,baseline_default_off,default,off,1,none,standard_dns,1,/opt/praxis/pcaps/RQ6_EXPAND_baseline_default_off_07.pcap,/opt/praxis/logs/RQ6_EXPAND_baseline_default_off_07_browser.json,21545,69,35,34,0,10554,4831,15385,1.138998,44,0,0,0,1727,0,-1369,0,80,655,0,-255,0,-255,0,-208,0,-366,0,0,0
RQ6_EXPAND_baseline_default_off_08,baseline_default_off,default,off,1,none,standard_dns,1,/opt/praxis/pcaps/RQ6_EXPAND_baseline_default_off_08.pcap,/opt/praxis/logs/RQ6_EXPAND_baseline_default_off_08_browser.json,21337,67,34,33,0,10522,4831,15353,1.146053,40,0,0,0,1823,0,-1369,0,80,655,0,-255,0,-255,0,-574,0,0,0,0,1998
RQ6_EXPAND_baseline_default_off_09,baseline_default_off,default,off,1,none,standard_dns,1,/opt/praxis/pcaps/RQ6_EXPAND_baseline_default_off_09.pcap,/opt/praxis/logs/RQ6_EXPAND_baseline_default_off_09_browser.json,21345,66,34,32,0,10618,4831,15449,1.145391,46,0,0,0,1791,0,-1369,0,80,655,0,-255,0,-255,0,-574,0,0,0,0,2094
RQ6_EXPAND_baseline_default_off_10,baseline_default_off,default,off,1,none,standard_dns,1,/opt/praxis/pcaps/RQ6_EXPAND_baseline_default_off_10.pcap,/opt/praxis/logs/RQ6_EXPAND_baseline_default_off_10_browser.json,21689,71,37,34,0,10522,4831,15353,1.141587,46,0,0,0,1759,0,-1369,0,80,655,0,-255,0,-255,0,-208,0,-366,0,0,0
RQ6_EXPAND_baseline_default_off_11,baseline_default_off,default,off,1,none,standard_dns,1,/opt/praxis/pcaps/RQ6_EXPAND_baseline_default_off_11.pcap,/opt/praxis/logs/RQ6_EXPAND_baseline_default_off_11_browser.json,21513,69,35,34,0,10522,4831,15353,1.142507,42,0,0,0,1791,0,-1369,0,80,655,0,-255,0,-255,0,-208,0,-366,0,0,0
RQ6_EXPAND_baseline_default_off_12,baseline_default_off,default,off,1,none,standard_dns,1,/opt/praxis/pcaps/RQ6_EXPAND_baseline_default_off_12.pcap,/opt/praxis/logs/RQ6_EXPAND_baseline_default_off_12_browser.json,21545,69,35,34,0,10554,4831,15385,1.141587,46,0,0,0,1823,0,-1369,0,80,655,0,-255,0,-255,0,-208,0,-366,0,0,0
RQ6_EXPAND_baseline_default_off_13,baseline_default_off,default,off,1,none,standard_dns,1,/opt/praxis/pcaps/RQ6_EXPAND_baseline_default_off_13.pcap,/opt/praxis/logs/RQ6_EXPAND_baseline_default_off_13_browser.json,21545,69,35,34,0,10554,4831,15385,1.142682,44,0,0,0,1727,0,-1369,0,80,655,0,-255,0,-255,0,-208,0,-366,0,0,0
RQ6_EXPAND_baseline_default_off_14,baseline_default_off,default,off,1,none,standard_dns,1,/opt/praxis/pcaps/RQ6_EXPAND_baseline_default_off_14.pcap,/opt/praxis/logs/RQ6_EXPAND_baseline_default_off_14_browser.json,21449,69,35,34,0,10458,4831,15289,1.145336,46,0,0,0,1727,0,-1369,0,80,655,0,-255,0,-255,0,-208,0,-366,0,0,0
RQ6_EXPAND_baseline_default_off_15,baseline_default_off,default,off,1,none,standard_dns,1,/opt/praxis/pcaps/RQ6_EXPAND_baseline_default_off_15.pcap,/opt/praxis/logs/RQ6_EXPAND_baseline_default_off_15_browser.json,21401,67,34,33,0,10586,4831,15417,1.144305,42,0,0,0,1823,0,-1369,0,80,655,0,-255,0,-255,0,-574,0,0,0,0,1998
RQ6_EXPAND_baseline_default_off_16,baseline_default_off,default,off,1,none,standard_dns,1,/opt/praxis/pcaps/RQ6_EXPAND_baseline_default_off_16.pcap,/opt/praxis/logs/RQ6_EXPAND_baseline_default_off_16_browser.json,21153,66,34,32,0,10426,4831,15257,1.142225,42,0,0,0,1727,0,-1369,0,80,655,-255,0,-255,0,-208,0,-366,0,0,0,0
RQ6_EXPAND_baseline_default_off_17,baseline_default_off,default,off,1,none,standard_dns,1,/opt/praxis/pcaps/RQ6_EXPAND_baseline_default_off_17.pcap,/opt/praxis/logs/RQ6_EXPAND_baseline_default_off_17_browser.json,21577,69,35,34,0,10586,4831,15417,1.144015,46,0,0,0,1823,0,-1369,0,80,655,0,-255,0,-255,0,-208,0,-366,0,0,0
RQ6_EXPAND_baseline_default_off_18,baseline_default_off,default,off,1,none,standard_dns,1,/opt/praxis/pcaps/RQ6_EXPAND_baseline_default_off_18.pcap,/opt/praxis/logs/RQ6_EXPAND_baseline_default_off_18_browser.json,21537,70,36,34,0,10458,4831,15289,1.141412,42,0,0,0,1791,0,-1369,0,80,655,0,-255,0,-255,0,-208,0,-366,0,0,0
RQ6_EXPAND_baseline_default_off_19,baseline_default_off,default,off,1,none,standard_dns,1,/opt/praxis/pcaps/RQ6_EXPAND_baseline_default_off_19.pcap,/opt/praxis/logs/RQ6_EXPAND_baseline_default_off_19_browser.json,21449,69,35,34,0,10458,4831,15289,1.143457,44,0,0,0,1727,0,-1369,0,80,655,0,-255,0,-255,0,-208,0,-366,0,0,0
RQ6_EXPAND_baseline_default_off_20,baseline_default_off,default,off,1,none,standard_dns,1,/opt/praxis/pcaps/RQ6_EXPAND_baseline_default_off_20.pcap,/opt/praxis/logs/RQ6_EXPAND_baseline_default_off_20_browser.json,21633,70,36,34,0,10554,4831,15385,1.144157,44,0,0,0,1823,0,-1369,0,80,655,0,-255,0,-255,0,-208,0,-366,0,0,0
RQ6_EXPAND_camouflaged_off_01,camouflaged_off,camouflaged,off,1,none,standard_dns,1,/opt/praxis/pcaps/RQ6_EXPAND_camouflaged_off_01.pcap,/opt/praxis/logs/RQ6_EXPAND_camouflaged_off_01_browser.json,21556,67,34,33,0,10741,4831,15572,1.144072,42,0,0,0,1823,0,-1369,0,80,679,0,-255,0,-255,0,-574,0,0,0,0,2094
RQ6_EXPAND_camouflaged_off_02,camouflaged_off,camouflaged,off,1,none,standard_dns,1,/opt/praxis/pcaps/RQ6_EXPAND_camouflaged_off_02.pcap,/opt/praxis/logs/RQ6_EXPAND_camouflaged_off_02_browser.json,21636,69,35,34,0,10645,4831,15476,1.143279,42,0,0,0,1727,0,-1369,0,80,679,0,-255,0,-255,0,-208,0,-366,0,0,0
RQ6_EXPAND_camouflaged_off_03,camouflaged_off,camouflaged,off,1,none,standard_dns,1,/opt/praxis/pcaps/RQ6_EXPAND_camouflaged_off_03.pcap,/opt/praxis/logs/RQ6_EXPAND_camouflaged_off_03_browser.json,21524,67,34,33,0,10709,4831,15540,1.14689,42,0,0,0,1823,0,-1369,0,80,679,0,-255,0,-255,0,-574,0,0,0,0,0
RQ6_EXPAND_camouflaged_off_04,camouflaged_off,camouflaged,off,1,none,standard_dns,1,/opt/praxis/pcaps/RQ6_EXPAND_camouflaged_off_04.pcap,/opt/praxis/logs/RQ6_EXPAND_camouflaged_off_04_browser.json,21644,68,35,33,0,10741,4831,15572,1.146237,40,0,0,0,1759,0,-1369,0,80,679,0,-255,0,-255,0,-574,0,0,0,0,2062
RQ6_EXPAND_camouflaged_off_05,camouflaged_off,camouflaged,off,1,none,standard_dns,1,/opt/praxis/pcaps/RQ6_EXPAND_camouflaged_off_05.pcap,/opt/praxis/logs/RQ6_EXPAND_camouflaged_off_05_browser.json,21316,65,33,32,0,10677,4831,15508,1.141765,42,0,0,0,1823,0,-1369,0,80,679,0,-255,0,-255,0,-574,0,0,0,0,2062
RQ6_EXPAND_camouflaged_off_06,camouflaged_off,camouflaged,off,1,none,standard_dns,1,/opt/praxis/pcaps/RQ6_EXPAND_camouflaged_off_06.pcap,/opt/praxis/logs/RQ6_EXPAND_camouflaged_off_06_browser.json,21756,70,36,34,0,10677,4831,15508,1.14357,42,0,0,0,1791,0,-1369,0,80,679,0,-255,0,-255,0,-208,0,-366,0,0,0
RQ6_EXPAND_camouflaged_off_07,camouflaged_off,camouflaged,off,1,none,standard_dns,1,/opt/praxis/pcaps/RQ6_EXPAND_camouflaged_off_07.pcap,/opt/praxis/logs/RQ6_EXPAND_camouflaged_off_07_browser.json,21284,65,33,32,0,10645,4831,15476,1.145225,38,0,0,0,1727,0,-1369,0,80,679,0,-255,0,-255,0,-574,0,0,0,0,2062
RQ6_EXPAND_camouflaged_off_08,camouflaged_off,camouflaged,off,1,none,standard_dns,1,/opt/praxis/pcaps/RQ6_EXPAND_camouflaged_off_08.pcap,/opt/praxis/logs/RQ6_EXPAND_camouflaged_off_08_browser.json,21820,70,36,34,0,10741,4831,15572,1.144234,44,0,0,0,1791,0,-1369,0,80,679,0,-255,0,-255,0,-208,0,-366,0,0,0
RQ6_EXPAND_camouflaged_off_09,camouflaged_off,camouflaged,off,1,none,standard_dns,1,/opt/praxis/pcaps/RQ6_EXPAND_camouflaged_off_09.pcap,/opt/praxis/logs/RQ6_EXPAND_camouflaged_off_09_browser.json,21668,69,35,34,0,10677,4831,15508,1.143985,42,0,0,0,1791,0,-1369,0,80,679,0,-255,0,-255,0,-208,0,-366,0,0,0
RQ6_EXPAND_camouflaged_off_10,camouflaged_off,camouflaged,off,1,none,standard_dns,1,/opt/praxis/pcaps/RQ6_EXPAND_camouflaged_off_10.pcap,/opt/praxis/logs/RQ6_EXPAND_camouflaged_off_10_browser.json,21572,69,35,34,0,10581,4831,15412,1.145768,42,0,0,0,1791,0,-1369,0,80,679,0,-255,0,-255,0,-208,0,-366,0,0,0
RQ6_EXPAND_camouflaged_off_11,camouflaged_off,camouflaged,off,1,none,standard_dns,1,/opt/praxis/pcaps/RQ6_EXPAND_camouflaged_off_11.pcap,/opt/praxis/logs/RQ6_EXPAND_camouflaged_off_11_browser.json,21668,69,35,34,0,10677,4831,15508,1.145083,44,0,0,0,1791,0,-1369,0,80,679,0,-255,0,-255,0,-208,0,-366,0,0,0
RQ6_EXPAND_camouflaged_off_12,camouflaged_off,camouflaged,off,1,none,standard_dns,1,/opt/praxis/pcaps/RQ6_EXPAND_camouflaged_off_12.pcap,/opt/praxis/logs/RQ6_EXPAND_camouflaged_off_12_browser.json,21788,70,36,34,0,10709,4831,15540,1.145076,46,0,0,0,1759,0,-1369,0,80,679,0,-255,0,-255,0,-208,0,-366,0,0,0
RQ6_EXPAND_camouflaged_off_13,camouflaged_off,camouflaged,off,1,none,standard_dns,1,/opt/praxis/pcaps/RQ6_EXPAND_camouflaged_off_13.pcap,/opt/praxis/logs/RQ6_EXPAND_camouflaged_off_13_browser.json,21572,69,35,34,0,10581,4831,15412,1.14221,40,0,0,0,1759,0,-1369,0,80,679,0,-255,0,-255,0,-208,0,-366,0,0,0
RQ6_EXPAND_camouflaged_off_14,camouflaged_off,camouflaged,off,1,none,standard_dns,1,/opt/praxis/pcaps/RQ6_EXPAND_camouflaged_off_14.pcap,/opt/praxis/logs/RQ6_EXPAND_camouflaged_off_14_browser.json,21604,69,35,34,0,10613,4831,15444,1.141674,40,0,0,0,1727,0,-1369,0,80,679,0,-255,0,-255,0,-208,0,-366,0,0,0
RQ6_EXPAND_camouflaged_off_15,camouflaged_off,camouflaged,off,1,none,standard_dns,1,/opt/praxis/pcaps/RQ6_EXPAND_camouflaged_off_15.pcap,/opt/praxis/logs/RQ6_EXPAND_camouflaged_off_15_browser.json,21732,69,35,34,0,10741,4831,15572,1.145474,44,0,0,0,1823,0,-1369,0,80,679,0,-255,0,-255,0,-208,0,-366,0,0,0
RQ6_EXPAND_camouflaged_off_16,camouflaged_off,camouflaged,off,1,none,standard_dns,1,/opt/praxis/pcaps/RQ6_EXPAND_camouflaged_off_16.pcap,/opt/praxis/logs/RQ6_EXPAND_camouflaged_off_16_browser.json,21684,71,37,34,0,10517,4831,15348,1.141747,48,0,0,0,1727,0,-1369,0,80,679,0,-255,0,-255,0,-208,0,-366,0,0,0
RQ6_EXPAND_camouflaged_off_17,camouflaged_off,camouflaged,off,1,none,standard_dns,1,/opt/praxis/pcaps/RQ6_EXPAND_camouflaged_off_17.pcap,/opt/praxis/logs/RQ6_EXPAND_camouflaged_off_17_browser.json,21788,70,35,35,0,10709,4831,15540,1.140286,46,0,0,0,1759,0,-1369,0,80,679,0,-255,0,-255,0,-208,0,-366,0,0,0
RQ6_EXPAND_camouflaged_off_18,camouflaged_off,camouflaged,off,1,none,standard_dns,1,/opt/praxis/pcaps/RQ6_EXPAND_camouflaged_off_18.pcap,/opt/praxis/logs/RQ6_EXPAND_camouflaged_off_18_browser.json,22028,72,37,35,0,10773,4831,15604,1.140676,44,0,0,0,1823,0,-1369,0,80,679,0,-255,0,-255,0,-208,0,-366,0,0,0
RQ6_EXPAND_camouflaged_off_19,camouflaged_off,camouflaged,off,1,none,standard_dns,1,/opt/praxis/pcaps/RQ6_EXPAND_camouflaged_off_19.pcap,/opt/praxis/logs/RQ6_EXPAND_camouflaged_off_19_browser.json,21516,68,35,33,0,10613,4831,15444,1.141872,46,0,0,0,1759,0,-1369,0,80,679,0,-255,0,-255,0,-208,0,-366,0,0,0
RQ6_EXPAND_camouflaged_off_20,camouflaged_off,camouflaged,off,1,none,standard_dns,1,/opt/praxis/pcaps/RQ6_EXPAND_camouflaged_off_20.pcap,/opt/praxis/logs/RQ6_EXPAND_camouflaged_off_20_browser.json,21812,71,36,35,0,10645,4831,15476,1.142374,46,0,0,0,1759,0,-1369,0,80,679,0,-255,0,-255,0,-208,0,-366,0,0,0
RQ6_EXPAND_default_c2_p1_01,default_c2_p1,default,c2,1,none,standard_dns,1,/opt/praxis/pcaps/RQ6_EXPAND_default_c2_p1_01.pcap,/opt/praxis/logs/RQ6_EXPAND_default_c2_p1_01_browser.json,20494,56,28,28,0,10557,4969,15526,0.186483,30,0,0,0,1768,0,-1377,0,88,663,0,-263,0,-263,0,-216,0,-374,-6,0,0
RQ6_EXPAND_default_c2_p1_02,default_c2_p1,default,c2,1,none,standard_dns,1,/opt/praxis/pcaps/RQ6_EXPAND_default_c2_p1_02.pcap,/opt/praxis/logs/RQ6_EXPAND_default_c2_p1_02_browser.json,20158,52,26,26,0,10589,4953,15542,0.190589,34,0,0,0,1768,0,-1377,0,88,663,0,-263,0,-263,0,-582,0,-6,0,6,1988
RQ6_EXPAND_default_c2_p1_03,default_c2_p1,default,c2,1,none,standard_dns,1,/opt/praxis/pcaps/RQ6_EXPAND_default_c2_p1_03.pcap,/opt/praxis/logs/RQ6_EXPAND_default_c2_p1_03_browser.json,20126,52,26,26,0,10557,4953,15510,0.185973,36,0,0,0,1832,0,-1377,0,88,663,0,-518,0,-216,0,-374,0,-6,0,6,2020
RQ6_EXPAND_default_c2_p1_04,default_c2_p1,default,c2,1,none,standard_dns,1,/opt/praxis/pcaps/RQ6_EXPAND_default_c2_p1_04.pcap,/opt/praxis/logs/RQ6_EXPAND_default_c2_p1_04_browser.json,20462,56,28,28,0,10525,4969,15494,0.19933,30,0,0,0,1736,0,-1377,0,88,663,0,-263,0,-263,0,-216,0,-374,0,-6,0
RQ6_EXPAND_default_c2_p1_05,default_c2_p1,default,c2,1,none,standard_dns,1,/opt/praxis/pcaps/RQ6_EXPAND_default_c2_p1_05.pcap,/opt/praxis/logs/RQ6_EXPAND_default_c2_p1_05_browser.json,20166,51,26,25,0,10685,4953,15638,0.185559,34,0,0,0,1800,0,-1377,0,88,663,0,-263,0,-263,0,-582,0,-6,0,6,2084
RQ6_EXPAND_default_c2_p1_06,default_c2_p1,default,c2,1,none,standard_dns,1,/opt/praxis/pcaps/RQ6_EXPAND_default_c2_p1_06.pcap,/opt/praxis/logs/RQ6_EXPAND_default_c2_p1_06_browser.json,20318,54,27,27,0,10557,4969,15526,0.184948,34,0,0,0,1768,0,-1377,0,88,663,0,-263,0,-263,0,-216,0,-374,0,-6,0
RQ6_EXPAND_default_c2_p1_07,default_c2_p1,default,c2,1,none,standard_dns,1,/opt/praxis/pcaps/RQ6_EXPAND_default_c2_p1_07.pcap,/opt/praxis/logs/RQ6_EXPAND_default_c2_p1_07_browser.json,20406,54,27,27,0,10653,4961,15614,0.184376,36,0,0,0,1800,0,-1377,0,88,663,0,-263,0,-263,0,-582,0,-6,0,6,2084
RQ6_EXPAND_default_c2_p1_08,default_c2_p1,default,c2,1,none,standard_dns,1,/opt/praxis/pcaps/RQ6_EXPAND_default_c2_p1_08.pcap,/opt/praxis/logs/RQ6_EXPAND_default_c2_p1_08_browser.json,20350,54,27,27,0,10589,4969,15558,0.184772,32,0,0,0,1800,0,-1377,0,88,663,0,-263,0,-263,0,-216,0,-374,0,-6,0
RQ6_EXPAND_default_c2_p1_09,default_c2_p1,default,c2,1,none,standard_dns,1,/opt/praxis/pcaps/RQ6_EXPAND_default_c2_p1_09.pcap,/opt/praxis/logs/RQ6_EXPAND_default_c2_p1_09_browser.json,20406,54,27,27,0,10653,4961,15614,0.19165,38,0,0,0,1832,0,-1377,0,88,663,0,-263,0,-263,0,-216,0,-374,0,-6,0
RQ6_EXPAND_default_c2_p1_10,default_c2_p1,default,c2,1,none,standard_dns,1,/opt/praxis/pcaps/RQ6_EXPAND_default_c2_p1_10.pcap,/opt/praxis/logs/RQ6_EXPAND_default_c2_p1_10_browser.json,20342,54,27,27,0,10589,4961,15550,0.188831,34,0,0,0,1800,0,-1377,0,88,663,0,-263,0,-263,0,-216,0,-374,-6,0,0
RQ6_EXPAND_default_c2_p1_11,default_c2_p1,default,c2,1,none,standard_dns,1,/opt/praxis/pcaps/RQ6_EXPAND_default_c2_p1_11.pcap,/opt/praxis/logs/RQ6_EXPAND_default_c2_p1_11_browser.json,19958,49,25,24,0,10645,4961,15606,0.185124,30,0,0,0,1800,0,-1377,0,88,663,0,-263,0,-263,0,-582,0,-6,0,6,2052
RQ6_EXPAND_default_c2_p1_12,default_c2_p1,default,c2,1,none,standard_dns,1,/opt/praxis/pcaps/RQ6_EXPAND_default_c2_p1_12.pcap,/opt/praxis/logs/RQ6_EXPAND_default_c2_p1_12_browser.json,20246,55,27,28,0,10397,4969,15366,0.187331,32,0,0,0,1736,0,-1377,0,88,663,0,-263,0,-263,0,-216,-374,0,0,-6,0
RQ6_EXPAND_default_c2_p1_13,default_c2_p1,default,c2,1,none,standard_dns,1,/opt/praxis/pcaps/RQ6_EXPAND_default_c2_p1_13.pcap,/opt/praxis/logs/RQ6_EXPAND_default_c2_p1_13_browser.json,20198,53,27,26,0,10525,4969,15494,0.191172,36,0,0,0,1736,0,-1377,0,88,663,0,-263,0,-263,0,-216,0,-374,0,-6,0
RQ6_EXPAND_default_c2_p1_14,default_c2_p1,default,c2,1,none,standard_dns,1,/opt/praxis/pcaps/RQ6_EXPAND_default_c2_p1_14.pcap,/opt/praxis/logs/RQ6_EXPAND_default_c2_p1_14_browser.json,20278,54,27,27,0,10525,4961,15486,0.182997,36,0,0,0,1736,0,-1377,0,88,663,0,-263,0,-263,0,-216,0,-374,0,-6,0
RQ6_EXPAND_default_c2_p1_15,default_c2_p1,default,c2,1,none,standard_dns,1,/opt/praxis/pcaps/RQ6_EXPAND_default_c2_p1_15.pcap,/opt/praxis/logs/RQ6_EXPAND_default_c2_p1_15_browser.json,20326,53,27,26,0,10653,4969,15622,0.1869,32,0,0,0,1800,0,-1377,0,88,663,0,-263,0,-263,0,-582,0,-6,0,6,2020
RQ6_EXPAND_default_c2_p1_16,default_c2_p1,default,c2,1,none,standard_dns,1,/opt/praxis/pcaps/RQ6_EXPAND_default_c2_p1_16.pcap,/opt/praxis/logs/RQ6_EXPAND_default_c2_p1_16_browser.json,20254,54,27,27,0,10493,4969,15462,0.190531,32,0,0,0,1736,0,-1377,0,88,663,0,-263,0,-263,0,-216,0,-374,0,-6,0
RQ6_EXPAND_default_c2_p1_17,default_c2_p1,default,c2,1,none,standard_dns,1,/opt/praxis/pcaps/RQ6_EXPAND_default_c2_p1_17.pcap,/opt/praxis/logs/RQ6_EXPAND_default_c2_p1_17_browser.json,20470,55,28,27,0,10621,4969,15590,0.184295,36,0,0,0,1800,0,-1377,0,88,663,0,-263,0,-263,0,-216,0,-374,0,-6,0
RQ6_EXPAND_default_c2_p1_18,default_c2_p1,default,c2,1,none,standard_dns,1,/opt/praxis/pcaps/RQ6_EXPAND_default_c2_p1_18.pcap,/opt/praxis/logs/RQ6_EXPAND_default_c2_p1_18_browser.json,20430,54,27,27,0,10653,4985,15638,0.192663,38,0,0,0,1768,0,-1377,0,88,663,0,-263,0,-263,0,-216,0,-374,0,-6,0
RQ6_EXPAND_default_c2_p1_19,default_c2_p1,default,c2,1,none,standard_dns,1,/opt/praxis/pcaps/RQ6_EXPAND_default_c2_p1_19.pcap,/opt/praxis/logs/RQ6_EXPAND_default_c2_p1_19_browser.json,20254,52,26,26,0,10685,4953,15638,0.188257,32,0,0,0,1768,0,-1377,0,88,663,0,-518,0,-216,0,-374,-6,0,0,6,2084
RQ6_EXPAND_default_c2_p1_20,default_c2_p1,default,c2,1,none,standard_dns,1,/opt/praxis/pcaps/RQ6_EXPAND_default_c2_p1_20.pcap,/opt/praxis/logs/RQ6_EXPAND_default_c2_p1_20_browser.json,20230,53,26,27,0,10557,4969,15526,0.181659,34,0,0,0,1736,0,-1377,0,88,663,0,-263,0,-263,0,-582,0,-6,0,6,2020
RQ6_EXPAND_default_c2_p2_01,default_c2_p2,default,c2,2,none,standard_dns,1,/opt/praxis/pcaps/RQ6_EXPAND_default_c2_p2_01.pcap,/opt/praxis/logs/RQ6_EXPAND_default_c2_p2_01_browser.json,38449,97,46,51,0,21326,8547,29873,0.800719,56,0,0,0,1736,0,-1377,0,88,663,0,-263,0,-263,0,-216,0,-374,0,-6,0
RQ6_EXPAND_default_c2_p2_02,default_c2_p2,default,c2,2,none,standard_dns,1,/opt/praxis/pcaps/RQ6_EXPAND_default_c2_p2_02.pcap,/opt/praxis/logs/RQ6_EXPAND_default_c2_p2_02_browser.json,38649,100,47,53,0,21270,8539,29809,0.800541,60,0,0,0,1736,0,-1377,0,88,663,0,-263,0,-263,0,-582,0,-6,0,6,1988
RQ6_EXPAND_default_c2_p2_03,default_c2_p2,default,c2,2,none,standard_dns,1,/opt/praxis/pcaps/RQ6_EXPAND_default_c2_p2_03.pcap,/opt/praxis/logs/RQ6_EXPAND_default_c2_p2_03_browser.json,38681,100,48,52,0,21302,8539,29841,0.808969,56,0,0,0,1832,0,-1377,0,88,663,0,-263,0,-263,0,-582,0,-6,0,6,2020
RQ6_EXPAND_default_c2_p2_04,default_c2_p2,default,c2,2,none,standard_dns,1,/opt/praxis/pcaps/RQ6_EXPAND_default_c2_p2_04.pcap,/opt/praxis/logs/RQ6_EXPAND_default_c2_p2_04_browser.json,38625,98,47,51,0,21430,8531,29961,0.844773,60,0,0,0,1768,0,-1377,0,88,663,0,-263,0,-263,0,-216,0,-374,0,-6,0
RQ6_EXPAND_default_c2_p2_05,default_c2_p2,default,c2,2,none,standard_dns,1,/opt/praxis/pcaps/RQ6_EXPAND_default_c2_p2_05.pcap,/opt/praxis/logs/RQ6_EXPAND_default_c2_p2_05_browser.json,38281,94,45,49,0,21446,8523,29969,0.816927,60,0,0,0,1736,0,-1377,0,88,663,0,-263,0,-263,0,-216,0,-374,-6,0,0
RQ6_EXPAND_default_c2_p2_06,default_c2_p2,default,c2,2,none,standard_dns,1,/opt/praxis/pcaps/RQ6_EXPAND_default_c2_p2_06.pcap,/opt/praxis/logs/RQ6_EXPAND_default_c2_p2_06_browser.json,38625,98,47,51,0,21430,8531,29961,0.809746,58,0,0,0,1800,0,-1377,0,88,663,0,-263,0,-263,0,-216,0,-374,-6,0,0
RQ6_EXPAND_default_c2_p2_07,default_c2_p2,default,c2,2,none,standard_dns,1,/opt/praxis/pcaps/RQ6_EXPAND_default_c2_p2_07.pcap,/opt/praxis/logs/RQ6_EXPAND_default_c2_p2_07_browser.json,38377,96,46,50,0,21358,8531,29889,0.796315,58,0,0,0,1800,0,-1377,0,88,663,0,-263,0,-263,0,-216,0,-374,0,-6,0
RQ6_EXPAND_default_c2_p2_08,default_c2_p2,default,c2,2,none,standard_dns,1,/opt/praxis/pcaps/RQ6_EXPAND_default_c2_p2_08.pcap,/opt/praxis/logs/RQ6_EXPAND_default_c2_p2_08_browser.json,38233,93,45,48,0,21478,8531,30009,0.824558,56,0,0,0,1736,0,-1377,0,88,663,0,-263,0,-263,0,-582,0,-6,0,6,2084
RQ6_EXPAND_default_c2_p2_09,default_c2_p2,default,c2,2,none,standard_dns,1,/opt/praxis/pcaps/RQ6_EXPAND_default_c2_p2_09.pcap,/opt/praxis/logs/RQ6_EXPAND_default_c2_p2_09_browser.json,38649,98,47,51,0,21454,8531,29985,0.825827,60,0,0,0,1832,0,-1377,0,88,663,0,-263,0,-263,0,-582,0,-6,0,6,1988
RQ6_EXPAND_default_c2_p2_10,default_c2_p2,default,c2,2,none,standard_dns,1,/opt/praxis/pcaps/RQ6_EXPAND_default_c2_p2_10.pcap,/opt/praxis/logs/RQ6_EXPAND_default_c2_p2_10_browser.json,38425,96,45,51,0,21382,8555,29937,0.812494,56,0,0,0,1768,0,-1377,0,88,663,0,-263,0,-263,0,-216,0,-374,-6,0,0
RQ6_EXPAND_default_c2_p2_11,default_c2_p2,default,c2,2,none,standard_dns,1,/opt/praxis/pcaps/RQ6_EXPAND_default_c2_p2_11.pcap,/opt/praxis/logs/RQ6_EXPAND_default_c2_p2_11_browser.json,38313,95,46,49,0,21390,8523,29913,0.801601,62,0,0,0,1832,0,-1377,0,88,663,0,-263,0,-263,0,-216,0,-374,0,-6,0
RQ6_EXPAND_default_c2_p2_12,default_c2_p2,default,c2,2,none,standard_dns,1,/opt/praxis/pcaps/RQ6_EXPAND_default_c2_p2_12.pcap,/opt/praxis/logs/RQ6_EXPAND_default_c2_p2_12_browser.json,38225,94,45,49,0,21390,8523,29913,0.807487,50,0,0,0,1768,0,-1377,0,88,663,0,-263,0,-263,0,-582,0,-6,0,6,2084
RQ6_EXPAND_default_c2_p2_13,default_c2_p2,default,c2,2,none,standard_dns,1,/opt/praxis/pcaps/RQ6_EXPAND_default_c2_p2_13.pcap,/opt/praxis/logs/RQ6_EXPAND_default_c2_p2_13_browser.json,38441,95,46,49,0,21510,8531,30041,0.823245,64,0,0,0,1768,0,-1377,0,88,663,0,-263,0,-263,0,-216,0,-374,0,-6,0
RQ6_EXPAND_default_c2_p2_14,default_c2_p2,default,c2,2,none,standard_dns,1,/opt/praxis/pcaps/RQ6_EXPAND_default_c2_p2_14.pcap,/opt/praxis/logs/RQ6_EXPAND_default_c2_p2_14_browser.json,38753,100,48,52,0,21366,8547,29913,0.813282,60,0,0,0,1800,0,-1377,0,88,663,0,-263,0,-263,0,-582,0,-6,0,6,2020
RQ6_EXPAND_default_c2_p2_15,default_c2_p2,default,c2,2,none,standard_dns,1,/opt/praxis/pcaps/RQ6_EXPAND_default_c2_p2_15.pcap,/opt/praxis/logs/RQ6_EXPAND_default_c2_p2_15_browser.json,38073,93,45,48,0,21318,8531,29849,0.797227,64,0,0,0,1768,0,-1377,0,88,663,0,-263,0,-263,0,-582,0,-6,0,6,2020
RQ6_EXPAND_default_c2_p2_16,default_c2_p2,default,c2,2,none,standard_dns,1,/opt/praxis/pcaps/RQ6_EXPAND_default_c2_p2_16.pcap,/opt/praxis/logs/RQ6_EXPAND_default_c2_p2_16_browser.json,38777,98,47,51,0,21590,8523,30113,0.815284,58,0,0,0,1832,0,-1377,0,88,663,0,-263,0,-263,0,-216,0,-374,0,-6,0
RQ6_EXPAND_default_c2_p2_17,default_c2_p2,default,c2,2,none,standard_dns,1,/opt/praxis/pcaps/RQ6_EXPAND_default_c2_p2_17.pcap,/opt/praxis/logs/RQ6_EXPAND_default_c2_p2_17_browser.json,38905,100,48,52,0,21526,8539,30065,0.815435,62,0,0,0,1800,0,-1377,0,88,663,0,-263,0,-263,0,-216,0,-374,0,-6,0
RQ6_EXPAND_default_c2_p2_18,default_c2_p2,default,c2,2,none,standard_dns,1,/opt/praxis/pcaps/RQ6_EXPAND_default_c2_p2_18.pcap,/opt/praxis/logs/RQ6_EXPAND_default_c2_p2_18_browser.json,38657,98,46,52,0,21462,8531,29993,0.816754,62,0,0,0,1800,0,-1377,0,88,663,0,-263,0,-263,0,-582,0,-6,0,6,2084
RQ6_EXPAND_default_c2_p2_19,default_c2_p2,default,c2,2,none,standard_dns,1,/opt/praxis/pcaps/RQ6_EXPAND_default_c2_p2_19.pcap,/opt/praxis/logs/RQ6_EXPAND_default_c2_p2_19_browser.json,38929,101,49,52,0,21462,8539,30001,0.800292,60,0,0,0,1736,0,-1377,0,88,663,0,-263,0,-263,0,-216,-374,0,0,-6,0
RQ6_EXPAND_default_c2_p2_20,default_c2_p2,default,c2,2,none,standard_dns,1,/opt/praxis/pcaps/RQ6_EXPAND_default_c2_p2_20.pcap,/opt/praxis/logs/RQ6_EXPAND_default_c2_p2_20_browser.json,38705,100,48,52,0,21334,8531,29865,0.827542,58,0,0,0,1768,0,-1377,0,88,663,0,-263,0,-263,0,-216,0,-374,-6,0,0
RQ6_EXPAND_camouflaged_c2_p1_01,camouflaged_c2_p1,camouflaged,c2,1,none,standard_dns,1,/opt/praxis/pcaps/RQ6_EXPAND_camouflaged_c2_p1_01.pcap,/opt/praxis/logs/RQ6_EXPAND_camouflaged_c2_p1_01_browser.json,20497,54,27,27,0,10744,4961,15705,0.185483,32,0,0,0,1800,0,-1377,0,88,687,0,-263,0,-263,0,-216,0,-374,-6,0,0
RQ6_EXPAND_camouflaged_c2_p1_02,camouflaged_c2_p1,camouflaged,c2,1,none,standard_dns,1,/opt/praxis/pcaps/RQ6_EXPAND_camouflaged_c2_p1_02.pcap,/opt/praxis/logs/RQ6_EXPAND_camouflaged_c2_p1_02_browser.json,20401,54,27,27,0,10640,4969,15609,0.190032,32,0,0,0,1768,0,-1377,0,88,687,0,-263,0,-263,0,-216,0,-374,-6,0,0
RQ6_EXPAND_camouflaged_c2_p1_03,camouflaged_c2_p1,camouflaged,c2,1,none,standard_dns,1,/opt/praxis/pcaps/RQ6_EXPAND_camouflaged_c2_p1_03.pcap,/opt/praxis/logs/RQ6_EXPAND_camouflaged_c2_p1_03_browser.json,20777,56,28,28,0,10840,4969,15809,0.190744,36,0,0,0,1832,0,-1377,0,88,687,0,-263,0,-263,0,-216,0,-374,-6,0,0
RQ6_EXPAND_camouflaged_c2_p1_04,camouflaged_c2_p1,camouflaged,c2,1,none,standard_dns,1,/opt/praxis/pcaps/RQ6_EXPAND_camouflaged_c2_p1_04.pcap,/opt/praxis/logs/RQ6_EXPAND_camouflaged_c2_p1_04_browser.json,20289,53,27,26,0,10616,4969,15585,0.193331,32,0,0,0,1800,0,-1377,0,88,687,0,-263,0,-263,0,-216,0,-374,-6,0,0
RQ6_EXPAND_camouflaged_c2_p1_05,camouflaged_c2_p1,camouflaged,c2,1,none,standard_dns,1,/opt/praxis/pcaps/RQ6_EXPAND_camouflaged_c2_p1_05.pcap,/opt/praxis/logs/RQ6_EXPAND_camouflaged_c2_p1_05_browser.json,20473,54,27,27,0,10712,4969,15681,0.191374,36,0,0,0,1800,0,-1377,0,88,687,0,-263,0,-263,0,-216,0,-374,-6,0,0
RQ6_EXPAND_camouflaged_c2_p1_06,camouflaged_c2_p1,camouflaged,c2,1,none,standard_dns,1,/opt/praxis/pcaps/RQ6_EXPAND_camouflaged_c2_p1_06.pcap,/opt/praxis/logs/RQ6_EXPAND_camouflaged_c2_p1_06_browser.json,20897,59,29,30,0,10680,4985,15665,0.184731,38,0,0,0,1800,0,-1377,0,88,687,0,-263,0,-263,0,-216,0,-374,0,-6,0
RQ6_EXPAND_camouflaged_c2_p1_07,camouflaged_c2_p1,camouflaged,c2,1,none,standard_dns,1,/opt/praxis/pcaps/RQ6_EXPAND_camouflaged_c2_p1_07.pcap,/opt/praxis/logs/RQ6_EXPAND_camouflaged_c2_p1_07_browser.json,20409,53,27,26,0,10744,4961,15705,0.185216,32,0,0,0,1768,0,-1377,0,88,687,0,-263,0,-263,0,-582,0,-6,0,6,1988
RQ6_EXPAND_camouflaged_c2_p1_08,camouflaged_c2_p1,camouflaged,c2,1,none,standard_dns,1,/opt/praxis/pcaps/RQ6_EXPAND_camouflaged_c2_p1_08.pcap,/opt/praxis/logs/RQ6_EXPAND_camouflaged_c2_p1_08_browser.json,20713,56,28,28,0,10776,4969,15745,0.193656,36,0,0,0,1800,0,-1377,0,88,687,0,-263,0,-263,0,-216,0,-374,0,-6,0
RQ6_EXPAND_camouflaged_c2_p1_09,camouflaged_c2_p1,camouflaged,c2,1,none,standard_dns,1,/opt/praxis/pcaps/RQ6_EXPAND_camouflaged_c2_p1_09.pcap,/opt/praxis/logs/RQ6_EXPAND_camouflaged_c2_p1_09_browser.json,20449,53,27,26,0,10776,4969,15745,0.190935,32,0,0,0,1768,0,-1377,0,88,687,0,-263,0,-263,0,-216,0,-374,0,-6,0
RQ6_EXPAND_camouflaged_c2_p1_10,camouflaged_c2_p1,camouflaged,c2,1,none,standard_dns,1,/opt/praxis/pcaps/RQ6_EXPAND_camouflaged_c2_p1_10.pcap,/opt/praxis/logs/RQ6_EXPAND_camouflaged_c2_p1_10_browser.json,20345,53,27,26,0,10680,4961,15641,0.187011,32,0,0,0,1768,0,-1377,0,88,687,0,-263,0,-263,0,-216,0,-374,0,-6,0
RQ6_EXPAND_camouflaged_c2_p1_11,camouflaged_c2_p1,camouflaged,c2,1,none,standard_dns,1,/opt/praxis/pcaps/RQ6_EXPAND_camouflaged_c2_p1_11.pcap,/opt/praxis/logs/RQ6_EXPAND_camouflaged_c2_p1_11_browser.json,20465,54,27,27,0,10712,4961,15673,0.191776,32,0,0,0,1768,0,-1377,0,88,687,0,-263,0,-263,0,-216,0,-374,0,-6,0
RQ6_EXPAND_camouflaged_c2_p1_12,camouflaged_c2_p1,camouflaged,c2,1,none,standard_dns,1,/opt/praxis/pcaps/RQ6_EXPAND_camouflaged_c2_p1_12.pcap,/opt/praxis/logs/RQ6_EXPAND_camouflaged_c2_p1_12_browser.json,20313,52,26,26,0,10744,4953,15697,0.187296,30,0,0,0,1800,0,-1377,0,88,687,0,-263,0,-263,0,-582,0,-6,0,6,2020
RQ6_EXPAND_camouflaged_c2_p1_13,camouflaged_c2_p1,camouflaged,c2,1,none,standard_dns,1,/opt/praxis/pcaps/RQ6_EXPAND_camouflaged_c2_p1_13.pcap,/opt/praxis/logs/RQ6_EXPAND_camouflaged_c2_p1_13_browser.json,20497,54,27,27,0,10744,4961,15705,0.185534,36,0,0,0,1736,0,-1377,0,88,687,0,-263,0,-263,0,-216,0,-374,0,-6,0
RQ6_EXPAND_camouflaged_c2_p1_14,camouflaged_c2_p1,camouflaged,c2,1,none,standard_dns,1,/opt/praxis/pcaps/RQ6_EXPAND_camouflaged_c2_p1_14.pcap,/opt/praxis/logs/RQ6_EXPAND_camouflaged_c2_p1_14_browser.json,20369,54,27,27,0,10616,4961,15577,0.190835,34,0,0,0,1768,0,-1377,0,88,687,0,-263,0,-263,0,-216,0,-374,-6,0,0
RQ6_EXPAND_camouflaged_c2_p1_15,camouflaged_c2_p1,camouflaged,c2,1,none,standard_dns,1,/opt/praxis/pcaps/RQ6_EXPAND_camouflaged_c2_p1_15.pcap,/opt/praxis/logs/RQ6_EXPAND_camouflaged_c2_p1_15_browser.json,20481,53,27,26,0,10808,4969,15777,0.187426,36,0,0,0,1832,0,-1377,0,88,687,0,-263,0,-263,0,-216,0,-374,0,-6,0
RQ6_EXPAND_camouflaged_c2_p1_16,camouflaged_c2_p1,camouflaged,c2,1,none,standard_dns,1,/opt/praxis/pcaps/RQ6_EXPAND_camouflaged_c2_p1_16.pcap,/opt/praxis/logs/RQ6_EXPAND_camouflaged_c2_p1_16_browser.json,20505,54,27,27,0,10744,4969,15713,0.18648,36,0,0,0,1736,0,-1377,0,88,687,0,-263,0,-263,0,-216,0,-374,0,-6,0
RQ6_EXPAND_camouflaged_c2_p1_17,camouflaged_c2_p1,camouflaged,c2,1,none,standard_dns,1,/opt/praxis/pcaps/RQ6_EXPAND_camouflaged_c2_p1_17.pcap,/opt/praxis/logs/RQ6_EXPAND_camouflaged_c2_p1_17_browser.json,20737,58,29,29,0,10616,4977,15593,0.189865,36,0,0,0,1768,0,-1377,0,88,687,0,-263,0,-263,0,-216,0,-374,-6,0,0
RQ6_EXPAND_camouflaged_c2_p1_18,camouflaged_c2_p1,camouflaged,c2,1,none,standard_dns,1,/opt/praxis/pcaps/RQ6_EXPAND_camouflaged_c2_p1_18.pcap,/opt/praxis/logs/RQ6_EXPAND_camouflaged_c2_p1_18_browser.json,20649,56,28,28,0,10712,4969,15681,0.190596,36,0,0,0,1768,0,-1377,0,88,687,0,-263,0,-263,0,-216,0,-374,0,-6,0
RQ6_EXPAND_camouflaged_c2_p1_19,camouflaged_c2_p1,camouflaged,c2,1,none,standard_dns,1,/opt/praxis/pcaps/RQ6_EXPAND_camouflaged_c2_p1_19.pcap,/opt/praxis/logs/RQ6_EXPAND_camouflaged_c2_p1_19_browser.json,20409,53,27,26,0,10744,4961,15705,0.184062,34,0,0,0,1800,0,-1377,0,88,687,0,-263,0,-263,0,-216,0,-374,0,-6,0
RQ6_EXPAND_camouflaged_c2_p1_20,camouflaged_c2_p1,camouflaged,c2,1,none,standard_dns,1,/opt/praxis/pcaps/RQ6_EXPAND_camouflaged_c2_p1_20.pcap,/opt/praxis/logs/RQ6_EXPAND_camouflaged_c2_p1_20_browser.json,20425,54,27,27,0,10648,4985,15633,0.194317,42,0,0,0,1768,0,-1377,0,88,687,0,-263,0,-263,0,-216,0,-374,0,-6,0
RQ6_EXPAND_camouflaged_c2_p2_01,camouflaged_c2_p2,camouflaged,c2,2,none,standard_dns,1,/opt/praxis/pcaps/RQ6_EXPAND_camouflaged_c2_p2_01.pcap,/opt/praxis/logs/RQ6_EXPAND_camouflaged_c2_p2_01_browser.json,38903,96,46,50,0,21892,8523,30415,0.827556,64,0,0,0,1800,0,-1377,0,88,687,0,-263,0,-263,0,-216,0,-374,0,-6,0
RQ6_EXPAND_camouflaged_c2_p2_02,camouflaged_c2_p2,camouflaged,c2,2,none,standard_dns,1,/opt/praxis/pcaps/RQ6_EXPAND_camouflaged_c2_p2_02.pcap,/opt/praxis/logs/RQ6_EXPAND_camouflaged_c2_p2_02_browser.json,38879,96,46,50,0,21860,8531,30391,0.827491,66,0,0,0,1832,0,-1377,0,88,687,0,-263,0,-263,0,-216,0,-374,0,-6,0
RQ6_EXPAND_camouflaged_c2_p2_03,camouflaged_c2_p2,camouflaged,c2,2,none,standard_dns,1,/opt/praxis/pcaps/RQ6_EXPAND_camouflaged_c2_p2_03.pcap,/opt/praxis/logs/RQ6_EXPAND_camouflaged_c2_p2_03_browser.json,38479,93,44,49,0,21724,8531,30255,0.825763,62,0,0,0,1800,0,-1377,0,88,687,0,-263,0,-263,0,-582,0,-6,0,6,2052
RQ6_EXPAND_camouflaged_c2_p2_04,camouflaged_c2_p2,camouflaged,c2,2,none,standard_dns,1,/opt/praxis/pcaps/RQ6_EXPAND_camouflaged_c2_p2_04.pcap,/opt/praxis/logs/RQ6_EXPAND_camouflaged_c2_p2_04_browser.json,38783,97,46,51,0,21668,8539,30207,0.807742,66,0,0,0,1768,0,-1377,0,88,687,0,-263,0,-263,0,-216,0,-374,0,-6,0
RQ6_EXPAND_camouflaged_c2_p2_05,camouflaged_c2_p2,camouflaged,c2,2,none,standard_dns,1,/opt/praxis/pcaps/RQ6_EXPAND_camouflaged_c2_p2_05.pcap,/opt/praxis/logs/RQ6_EXPAND_camouflaged_c2_p2_05_browser.json,39063,99,48,51,0,21772,8539,30311,0.810543,58,0,0,0,1736,0,-1377,0,88,687,0,-263,0,-263,0,-216,0,-374,0,-6,0
RQ6_EXPAND_camouflaged_c2_p2_06,camouflaged_c2_p2,camouflaged,c2,2,none,standard_dns,1,/opt/praxis/pcaps/RQ6_EXPAND_camouflaged_c2_p2_06.pcap,/opt/praxis/logs/RQ6_EXPAND_camouflaged_c2_p2_06_browser.json,39255,101,49,52,0,21772,8555,30327,0.813389,62,0,0,0,1800,0,-1377,0,88,687,0,-263,0,-263,0,-216,0,-374,-6,0,0
RQ6_EXPAND_camouflaged_c2_p2_07,camouflaged_c2_p2,camouflaged,c2,2,none,standard_dns,1,/opt/praxis/pcaps/RQ6_EXPAND_camouflaged_c2_p2_07.pcap,/opt/praxis/logs/RQ6_EXPAND_camouflaged_c2_p2_07_browser.json,38655,95,45,50,0,21732,8523,30255,0.823951,54,0,0,0,1800,0,-1377,0,88,687,0,-263,0,-263,0,-582,0,-6,0,6,1988
RQ6_EXPAND_camouflaged_c2_p2_08,camouflaged_c2_p2,camouflaged,c2,2,none,standard_dns,1,/opt/praxis/pcaps/RQ6_EXPAND_camouflaged_c2_p2_08.pcap,/opt/praxis/logs/RQ6_EXPAND_camouflaged_c2_p2_08_browser.json,38711,98,47,51,0,21516,8531,30047,0.807351,66,0,0,0,1800,0,-1377,0,88,687,0,-263,0,-263,0,-216,0,-374,0,-6,0
RQ6_EXPAND_camouflaged_c2_p2_09,camouflaged_c2_p2,camouflaged,c2,2,none,standard_dns,1,/opt/praxis/pcaps/RQ6_EXPAND_camouflaged_c2_p2_09.pcap,/opt/praxis/logs/RQ6_EXPAND_camouflaged_c2_p2_09_browser.json,38759,98,46,52,0,21540,8555,30095,0.823309,66,0,0,0,1736,0,-1377,0,88,687,0,-263,0,-263,0,-216,0,-374,0,-6,0
RQ6_EXPAND_camouflaged_c2_p2_10,camouflaged_c2_p2,camouflaged,c2,2,none,standard_dns,1,/opt/praxis/pcaps/RQ6_EXPAND_camouflaged_c2_p2_10.pcap,/opt/praxis/logs/RQ6_EXPAND_camouflaged_c2_p2_10_browser.json,39335,103,50,53,0,21676,8555,30231,0.807015,66,0,0,0,1768,0,-1377,0,88,687,0,-263,0,-263,0,-216,0,-374,-6,0,0
RQ6_EXPAND_camouflaged_c2_p2_11,camouflaged_c2_p2,camouflaged,c2,2,none,standard_dns,1,/opt/praxis/pcaps/RQ6_EXPAND_camouflaged_c2_p2_11.pcap,/opt/praxis/logs/RQ6_EXPAND_camouflaged_c2_p2_11_browser.json,38663,97,46,51,0,21548,8539,30087,0.82871,68,0,0,0,1736,0,-1377,0,88,687,0,-263,0,-263,0,-582,0,-6,0,6,2020
RQ6_EXPAND_camouflaged_c2_p2_12,camouflaged_c2_p2,camouflaged,c2,2,none,standard_dns,1,/opt/praxis/pcaps/RQ6_EXPAND_camouflaged_c2_p2_12.pcap,/opt/praxis/logs/RQ6_EXPAND_camouflaged_c2_p2_12_browser.json,38831,98,47,51,0,21644,8523,30167,0.80378,56,0,0,0,1800,0,-1377,0,88,687,0,-263,0,-263,0,-216,0,-374,0,-6,0
RQ6_EXPAND_camouflaged_c2_p2_13,camouflaged_c2_p2,camouflaged,c2,2,none,standard_dns,1,/opt/praxis/pcaps/RQ6_EXPAND_camouflaged_c2_p2_13.pcap,/opt/praxis/logs/RQ6_EXPAND_camouflaged_c2_p2_13_browser.json,39151,101,49,52,0,21676,8547,30223,0.812017,60,0,0,0,1768,0,-1377,0,88,687,0,-263,0,-263,0,-216,-374,0,0,-6,0
RQ6_EXPAND_camouflaged_c2_p2_14,camouflaged_c2_p2,camouflaged,c2,2,none,standard_dns,1,/opt/praxis/pcaps/RQ6_EXPAND_camouflaged_c2_p2_14.pcap,/opt/praxis/logs/RQ6_EXPAND_camouflaged_c2_p2_14_browser.json,38535,95,46,49,0,21612,8523,30135,0.814081,54,0,0,0,1832,0,-1377,0,88,687,0,-263,0,-263,0,-582,0,-6,0,6,1988
RQ6_EXPAND_camouflaged_c2_p2_15,camouflaged_c2_p2,camouflaged,c2,2,none,standard_dns,1,/opt/praxis/pcaps/RQ6_EXPAND_camouflaged_c2_p2_15.pcap,/opt/praxis/logs/RQ6_EXPAND_camouflaged_c2_p2_15_browser.json,38639,94,46,48,0,21796,8531,30327,0.7973,60,0,0,0,1736,0,-1377,0,88,687,0,-263,0,-263,0,-216,0,-374,0,-6,0
RQ6_EXPAND_camouflaged_c2_p2_16,camouflaged_c2_p2,camouflaged,c2,2,none,standard_dns,1,/opt/praxis/pcaps/RQ6_EXPAND_camouflaged_c2_p2_16.pcap,/opt/praxis/logs/RQ6_EXPAND_camouflaged_c2_p2_16_browser.json,38807,97,46,51,0,21708,8523,30231,0.805087,58,0,0,0,1736,0,-1377,0,88,687,0,-263,0,-263,0,-582,0,-6,0,6,2084
RQ6_EXPAND_camouflaged_c2_p2_17,camouflaged_c2_p2,camouflaged,c2,2,none,standard_dns,1,/opt/praxis/pcaps/RQ6_EXPAND_camouflaged_c2_p2_17.pcap,/opt/praxis/logs/RQ6_EXPAND_camouflaged_c2_p2_17_browser.json,38839,97,46,51,0,21700,8563,30263,0.813441,68,0,0,0,1768,0,-1377,0,88,687,0,-263,0,-263,0,-216,0,-374,0,-6,0
RQ6_EXPAND_camouflaged_c2_p2_18,camouflaged_c2_p2,camouflaged,c2,2,none,standard_dns,1,/opt/praxis/pcaps/RQ6_EXPAND_camouflaged_c2_p2_18.pcap,/opt/praxis/logs/RQ6_EXPAND_camouflaged_c2_p2_18_browser.json,38575,95,46,49,0,21636,8539,30175,0.807482,58,0,0,0,1736,0,-1377,0,88,687,0,-263,0,-263,0,-216,0,-374,0,-6,0
RQ6_EXPAND_camouflaged_c2_p2_19,camouflaged_c2_p2,camouflaged,c2,2,none,standard_dns,1,/opt/praxis/pcaps/RQ6_EXPAND_camouflaged_c2_p2_19.pcap,/opt/praxis/logs/RQ6_EXPAND_camouflaged_c2_p2_19_browser.json,38703,94,45,49,0,21860,8531,30391,0.804721,60,0,0,0,1832,0,-1377,0,88,687,0,-263,0,-263,0,-582,0,-6,0,6,2020
RQ6_EXPAND_camouflaged_c2_p2_20,camouflaged_c2_p2,camouflaged,c2,2,none,standard_dns,1,/opt/praxis/pcaps/RQ6_EXPAND_camouflaged_c2_p2_20.pcap,/opt/praxis/logs/RQ6_EXPAND_camouflaged_c2_p2_20_browser.json,38575,95,46,49,0,21636,8539,30175,0.823025,54,0,0,0,1736,0,-1377,0,88,687,0,-263,0,-263,0,-216,0,-374,0,-6,0
RQ6_EXPAND_camouflaged_c2_p3_01,camouflaged_c2_p3,camouflaged,c2,3,none,standard_dns,1,/opt/praxis/pcaps/RQ6_EXPAND_camouflaged_c2_p3_01.pcap,/opt/praxis/logs/RQ6_EXPAND_camouflaged_c2_p3_01_browser.json,56893,137,65,72,0,32688,12109,44797,1.423082,84,0,0,0,1800,0,-1377,0,88,687,0,-263,0,-263,0,-582,0,-6,0,6,1988
RQ6_EXPAND_camouflaged_c2_p3_02,camouflaged_c2_p3,camouflaged,c2,3,none,standard_dns,1,/opt/praxis/pcaps/RQ6_EXPAND_camouflaged_c2_p3_02.pcap,/opt/praxis/logs/RQ6_EXPAND_camouflaged_c2_p3_02_browser.json,57277,142,67,75,0,32632,12109,44741,1.444801,82,0,0,0,1736,0,-1377,0,88,687,0,-263,0,-263,0,-216,0,-374,0,-6,0
RQ6_EXPAND_camouflaged_c2_p3_03,camouflaged_c2_p3,camouflaged,c2,3,none,standard_dns,1,/opt/praxis/pcaps/RQ6_EXPAND_camouflaged_c2_p3_03.pcap,/opt/praxis/logs/RQ6_EXPAND_camouflaged_c2_p3_03_browser.json,56693,136,64,72,0,32576,12109,44685,1.422214,76,0,0,0,1768,0,-1377,0,88,687,0,-263,0,-263,0,-216,0,-374,0,-6,0
RQ6_EXPAND_camouflaged_c2_p3_04,camouflaged_c2_p3,camouflaged,c2,3,none,standard_dns,1,/opt/praxis/pcaps/RQ6_EXPAND_camouflaged_c2_p3_04.pcap,/opt/praxis/logs/RQ6_EXPAND_camouflaged_c2_p3_04_browser.json,56813,137,65,72,0,32624,12093,44717,1.38834,84,0,0,0,1800,0,-1377,0,88,687,0,-263,0,-263,0,-216,0,-374,0,-6,0
RQ6_EXPAND_camouflaged_c2_p3_05,camouflaged_c2_p3,camouflaged,c2,3,none,standard_dns,1,/opt/praxis/pcaps/RQ6_EXPAND_camouflaged_c2_p3_05.pcap,/opt/praxis/logs/RQ6_EXPAND_camouflaged_c2_p3_05_browser.json,57085,138,65,73,0,32808,12093,44901,1.413885,86,0,0,0,1800,0,-1377,0,88,687,0,-263,0,-263,0,-216,0,-374,0,-6,0
RQ6_EXPAND_camouflaged_c2_p3_06,camouflaged_c2_p3,camouflaged,c2,3,none,standard_dns,1,/opt/praxis/pcaps/RQ6_EXPAND_camouflaged_c2_p3_06.pcap,/opt/praxis/logs/RQ6_EXPAND_camouflaged_c2_p3_06_browser.json,56893,139,65,74,0,32496,12125,44621,1.408032,82,0,0,0,1768,0,-1377,0,88,687,0,-263,0,-263,0,-216,-374,0,0,-6,0
RQ6_EXPAND_camouflaged_c2_p3_07,camouflaged_c2_p3,camouflaged,c2,3,none,standard_dns,1,/opt/praxis/pcaps/RQ6_EXPAND_camouflaged_c2_p3_07.pcap,/opt/praxis/logs/RQ6_EXPAND_camouflaged_c2_p3_07_browser.json,57045,138,64,74,0,32744,12117,44861,1.407008,84,0,0,0,1768,0,-1377,0,88,687,0,-263,0,-263,0,-216,0,-374,0,-6,0
RQ6_EXPAND_camouflaged_c2_p3_08,camouflaged_c2_p3,camouflaged,c2,3,none,standard_dns,1,/opt/praxis/pcaps/RQ6_EXPAND_camouflaged_c2_p3_08.pcap,/opt/praxis/logs/RQ6_EXPAND_camouflaged_c2_p3_08_browser.json,57045,139,66,73,0,32656,12117,44773,1.389995,84,0,0,0,1800,0,-1377,0,88,687,0,-263,0,-263,0,-216,0,-374,0,-6,0
RQ6_EXPAND_camouflaged_c2_p3_09,camouflaged_c2_p3,camouflaged,c2,3,none,standard_dns,1,/opt/praxis/pcaps/RQ6_EXPAND_camouflaged_c2_p3_09.pcap,/opt/praxis/logs/RQ6_EXPAND_camouflaged_c2_p3_09_browser.json,56941,138,65,73,0,32624,12133,44757,1.394558,92,0,0,0,1768,0,-1377,0,88,687,0,-263,0,-263,0,-216,0,-374,0,-6,0
RQ6_EXPAND_camouflaged_c2_p3_10,camouflaged_c2_p3,camouflaged,c2,3,none,standard_dns,1,/opt/praxis/pcaps/RQ6_EXPAND_camouflaged_c2_p3_10.pcap,/opt/praxis/logs/RQ6_EXPAND_camouflaged_c2_p3_10_browser.json,57077,142,67,75,0,32448,12093,44541,1.399529,86,0,0,0,1832,0,-1377,0,88,687,0,-263,0,-263,0,-582,0,-6,0,6,2020
RQ6_EXPAND_camouflaged_c2_p3_11,camouflaged_c2_p3,camouflaged,c2,3,none,standard_dns,1,/opt/praxis/pcaps/RQ6_EXPAND_camouflaged_c2_p3_11.pcap,/opt/praxis/logs/RQ6_EXPAND_camouflaged_c2_p3_11_browser.json,57093,140,66,74,0,32632,12101,44733,1.40218,80,0,0,0,1736,0,-1377,0,88,687,0,-263,0,-263,0,-216,0,-374,0,-6,0
RQ6_EXPAND_camouflaged_c2_p3_12,camouflaged_c2_p3,camouflaged,c2,3,none,standard_dns,1,/opt/praxis/pcaps/RQ6_EXPAND_camouflaged_c2_p3_12.pcap,/opt/praxis/logs/RQ6_EXPAND_camouflaged_c2_p3_12_browser.json,57437,144,66,78,0,32600,12125,44725,1.387165,96,0,0,0,1736,0,-1377,0,88,687,0,-263,0,-263,0,-216,0,-374,0,-6,0
RQ6_EXPAND_camouflaged_c2_p3_13,camouflaged_c2_p3,camouflaged,c2,3,none,standard_dns,1,/opt/praxis/pcaps/RQ6_EXPAND_camouflaged_c2_p3_13.pcap,/opt/praxis/logs/RQ6_EXPAND_camouflaged_c2_p3_13_browser.json,56973,140,65,75,0,32496,12117,44613,1.402704,84,0,0,0,1768,0,-1377,0,88,687,0,-263,0,-263,0,-216,0,-374,0,-6,0
RQ6_EXPAND_camouflaged_c2_p3_14,camouflaged_c2_p3,camouflaged,c2,3,none,standard_dns,1,/opt/praxis/pcaps/RQ6_EXPAND_camouflaged_c2_p3_14.pcap,/opt/praxis/logs/RQ6_EXPAND_camouflaged_c2_p3_14_browser.json,57269,142,66,76,0,32624,12109,44733,1.402463,86,0,0,0,1736,0,-1377,0,88,687,0,-263,0,-263,0,-216,0,-374,0,-6,0
RQ6_EXPAND_camouflaged_c2_p3_15,camouflaged_c2_p3,camouflaged,c2,3,none,standard_dns,1,/opt/praxis/pcaps/RQ6_EXPAND_camouflaged_c2_p3_15.pcap,/opt/praxis/logs/RQ6_EXPAND_camouflaged_c2_p3_15_browser.json,57941,147,70,77,0,32832,12133,44965,1.384444,90,0,0,0,1736,0,-1377,0,88,687,0,-263,0,-263,0,-216,0,-374,0,-6,0
RQ6_EXPAND_camouflaged_c2_p3_16,camouflaged_c2_p3,camouflaged,c2,3,none,standard_dns,1,/opt/praxis/pcaps/RQ6_EXPAND_camouflaged_c2_p3_16.pcap,/opt/praxis/logs/RQ6_EXPAND_camouflaged_c2_p3_16_browser.json,57267,142,66,76,0,32528,12191,44719,1.444044,82,0,0,0,1768,0,-1377,0,88,687,0,-263,0,-263,0,-216,0,-374,0,-6,0
RQ6_EXPAND_camouflaged_c2_p3_17,camouflaged_c2_p3,camouflaged,c2,3,none,standard_dns,1,/opt/praxis/pcaps/RQ6_EXPAND_camouflaged_c2_p3_17.pcap,/opt/praxis/logs/RQ6_EXPAND_camouflaged_c2_p3_17_browser.json,56997,140,65,75,0,32528,12109,44637,1.414467,94,0,0,0,1768,0,-1377,0,88,687,0,-263,0,-263,0,-216,0,-374,0,-6,0
RQ6_EXPAND_camouflaged_c2_p3_18,camouflaged_c2_p3,camouflaged,c2,3,none,standard_dns,1,/opt/praxis/pcaps/RQ6_EXPAND_camouflaged_c2_p3_18.pcap,/opt/praxis/logs/RQ6_EXPAND_camouflaged_c2_p3_18_browser.json,56717,136,64,72,0,32624,12085,44709,1.376628,86,0,0,0,1768,0,-1377,0,88,687,0,-263,0,-263,0,-582,0,-6,0,6,1988
RQ6_EXPAND_camouflaged_c2_p3_19,camouflaged_c2_p3,camouflaged,c2,3,none,standard_dns,1,/opt/praxis/pcaps/RQ6_EXPAND_camouflaged_c2_p3_19.pcap,/opt/praxis/logs/RQ6_EXPAND_camouflaged_c2_p3_19_browser.json,57341,143,69,74,0,32608,12109,44717,1.394631,78,0,0,0,1832,0,-1377,0,88,687,0,-263,0,-263,0,-216,0,-374,0,-6,0
RQ6_EXPAND_camouflaged_c2_p3_20,camouflaged_c2_p3,camouflaged,c2,3,none,standard_dns,1,/opt/praxis/pcaps/RQ6_EXPAND_camouflaged_c2_p3_20.pcap,/opt/praxis/logs/RQ6_EXPAND_camouflaged_c2_p3_20_browser.json,57613,144,67,77,0,32792,12109,44901,1.388904,88,0,0,0,1800,0,-1377,0,88,687,0,-263,0,-263,0,-216,0,-374,0,-6,0
RQ6_EXPAND_camouflaged_c4_p2_01,camouflaged_c4_p2,camouflaged,c4,2,none,standard_dns,1,/opt/praxis/pcaps/RQ6_EXPAND_camouflaged_c4_p2_01.pcap,/opt/praxis/logs/RQ6_EXPAND_camouflaged_c4_p2_01_browser.json,38687,94,45,49,0,21860,8515,30375,0.808419,52,0,0,0,1800,0,-1377,0,88,687,0,-263,0,-263,0,-582,0,-6,0,6,2084
RQ6_EXPAND_camouflaged_c4_p2_02,camouflaged_c4_p2,camouflaged,c4,2,none,standard_dns,1,/opt/praxis/pcaps/RQ6_EXPAND_camouflaged_c4_p2_02.pcap,/opt/praxis/logs/RQ6_EXPAND_camouflaged_c4_p2_02_browser.json,38783,96,46,50,0,21740,8555,30295,0.820533,70,0,0,0,1832,0,-1377,0,88,687,0,-263,0,-263,0,-582,0,-6,0,6,2020
RQ6_EXPAND_camouflaged_c4_p2_03,camouflaged_c4_p2,camouflaged,c4,2,none,standard_dns,1,/opt/praxis/pcaps/RQ6_EXPAND_camouflaged_c4_p2_03.pcap,/opt/praxis/logs/RQ6_EXPAND_camouflaged_c4_p2_03_browser.json,38687,96,46,50,0,21668,8531,30199,0.801406,60,0,0,0,1832,0,-1377,0,88,687,0,-263,0,-263,0,-216,0,-374,0,-6,0
RQ6_EXPAND_camouflaged_c4_p2_04,camouflaged_c4_p2,camouflaged,c4,2,none,standard_dns,1,/opt/praxis/pcaps/RQ6_EXPAND_camouflaged_c4_p2_04.pcap,/opt/praxis/logs/RQ6_EXPAND_camouflaged_c4_p2_04_browser.json,38495,96,47,49,0,21476,8531,30007,0.800182,60,0,0,0,1736,0,-1377,0,88,687,0,-263,0,-263,0,-216,0,-374,0,-6,0
RQ6_EXPAND_camouflaged_c4_p2_05,camouflaged_c4_p2,camouflaged,c4,2,none,standard_dns,1,/opt/praxis/pcaps/RQ6_EXPAND_camouflaged_c4_p2_05.pcap,/opt/praxis/logs/RQ6_EXPAND_camouflaged_c4_p2_05_browser.json,39031,98,47,51,0,21828,8539,30367,0.802552,64,0,0,0,1832,0,-1377,0,88,687,0,-263,0,-263,0,-216,0,-374,0,-6,0
RQ6_EXPAND_camouflaged_c4_p2_06,camouflaged_c4_p2,camouflaged,c4,2,none,standard_dns,1,/opt/praxis/pcaps/RQ6_EXPAND_camouflaged_c4_p2_06.pcap,/opt/praxis/logs/RQ6_EXPAND_camouflaged_c4_p2_06_browser.json,39095,98,47,51,0,21900,8531,30431,0.81584,60,0,0,0,1832,0,-1377,0,88,687,0,-263,0,-263,0,-216,0,-374,0,-6,0
RQ6_EXPAND_camouflaged_c4_p2_07,camouflaged_c4_p2,camouflaged,c4,2,none,standard_dns,1,/opt/praxis/pcaps/RQ6_EXPAND_camouflaged_c4_p2_07.pcap,/opt/praxis/logs/RQ6_EXPAND_camouflaged_c4_p2_07_browser.json,38775,98,47,51,0,21572,8539,30111,0.802449,62,0,0,0,1736,0,-1377,0,88,687,0,-263,0,-263,0,-216,-374,0,0,-6,0
RQ6_EXPAND_camouflaged_c4_p2_08,camouflaged_c4_p2,camouflaged,c4,2,none,standard_dns,1,/opt/praxis/pcaps/RQ6_EXPAND_camouflaged_c4_p2_08.pcap,/opt/praxis/logs/RQ6_EXPAND_camouflaged_c4_p2_08_browser.json,39111,101,48,53,0,21644,8539,30183,0.801389,68,0,0,0,1800,0,-1377,0,88,687,0,-263,0,-263,0,-216,-374,0,0,-6,0
RQ6_EXPAND_camouflaged_c4_p2_09,camouflaged_c4_p2,camouflaged,c4,2,none,standard_dns,1,/opt/praxis/pcaps/RQ6_EXPAND_camouflaged_c4_p2_09.pcap,/opt/praxis/logs/RQ6_EXPAND_camouflaged_c4_p2_09_browser.json,38919,97,46,51,0,21804,8539,30343,0.798311,58,0,0,0,1832,0,-1377,0,88,687,0,-263,0,-263,0,-216,0,-374,0,-6,0
RQ6_EXPAND_camouflaged_c4_p2_10,camouflaged_c4_p2,camouflaged,c4,2,none,standard_dns,1,/opt/praxis/pcaps/RQ6_EXPAND_camouflaged_c4_p2_10.pcap,/opt/praxis/logs/RQ6_EXPAND_camouflaged_c4_p2_10_browser.json,38399,94,44,50,0,21564,8523,30087,0.807544,58,0,0,0,1736,0,-1377,0,88,687,0,-263,0,-263,0,-582,0,-6,0,6,2020
RQ6_EXPAND_camouflaged_c4_p2_11,camouflaged_c4_p2,camouflaged,c4,2,none,standard_dns,1,/opt/praxis/pcaps/RQ6_EXPAND_camouflaged_c4_p2_11.pcap,/opt/praxis/logs/RQ6_EXPAND_camouflaged_c4_p2_11_browser.json,38863,99,47,52,0,21572,8539,30111,0.823879,60,0,0,0,1736,0,-1377,0,88,687,0,-263,0,-263,0,-216,0,-374,0,-6,0
RQ6_EXPAND_camouflaged_c4_p2_12,camouflaged_c4_p2,camouflaged,c4,2,none,standard_dns,1,/opt/praxis/pcaps/RQ6_EXPAND_camouflaged_c4_p2_12.pcap,/opt/praxis/logs/RQ6_EXPAND_camouflaged_c4_p2_12_browser.json,38719,95,46,49,0,21796,8523,30319,0.847261,56,0,0,0,1768,0,-1377,0,88,687,0,-263,0,-263,0,-582,0,-6,0,6,2084
RQ6_EXPAND_camouflaged_c4_p2_13,camouflaged_c4_p2,camouflaged,c4,2,none,standard_dns,1,/opt/praxis/pcaps/RQ6_EXPAND_camouflaged_c4_p2_13.pcap,/opt/praxis/logs/RQ6_EXPAND_camouflaged_c4_p2_13_browser.json,38943,99,48,51,0,21644,8547,30191,0.821763,58,0,0,0,1832,0,-1377,0,88,687,0,-263,0,-263,0,-216,0,-374,0,-6,0
RQ6_EXPAND_camouflaged_c4_p2_14,camouflaged_c4_p2,camouflaged,c4,2,none,standard_dns,1,/opt/praxis/pcaps/RQ6_EXPAND_camouflaged_c4_p2_14.pcap,/opt/praxis/logs/RQ6_EXPAND_camouflaged_c4_p2_14_browser.json,38319,93,45,48,0,21564,8531,30095,0.822779,58,0,0,0,1736,0,-1377,0,88,687,0,-263,0,-263,0,-582,0,-6,0,6,2020
RQ6_EXPAND_camouflaged_c4_p2_15,camouflaged_c4_p2,camouflaged,c4,2,none,standard_dns,1,/opt/praxis/pcaps/RQ6_EXPAND_camouflaged_c4_p2_15.pcap,/opt/praxis/logs/RQ6_EXPAND_camouflaged_c4_p2_15_browser.json,38927,98,47,51,0,21732,8531,30263,0.824972,60,0,0,0,1800,0,-1377,0,88,687,0,-263,0,-263,0,-216,0,-374,0,-6,0
RQ6_EXPAND_camouflaged_c4_p2_16,camouflaged_c4_p2,camouflaged,c4,2,none,standard_dns,1,/opt/praxis/pcaps/RQ6_EXPAND_camouflaged_c4_p2_16.pcap,/opt/praxis/logs/RQ6_EXPAND_camouflaged_c4_p2_16_browser.json,38519,96,46,50,0,21508,8523,30031,0.814482,50,0,0,0,1736,0,-1377,0,88,687,0,-263,0,-263,0,-216,0,-374,0,-6,0
RQ6_EXPAND_camouflaged_c4_p2_17,camouflaged_c4_p2,camouflaged,c4,2,none,standard_dns,1,/opt/praxis/pcaps/RQ6_EXPAND_camouflaged_c4_p2_17.pcap,/opt/praxis/logs/RQ6_EXPAND_camouflaged_c4_p2_17_browser.json,38847,98,46,52,0,21644,8539,30183,0.83509,58,0,0,0,1800,0,-1377,0,88,687,0,-263,0,-263,0,-582,0,-6,0,6,2052
RQ6_EXPAND_camouflaged_c4_p2_18,camouflaged_c4_p2,camouflaged,c4,2,none,standard_dns,1,/opt/praxis/pcaps/RQ6_EXPAND_camouflaged_c4_p2_18.pcap,/opt/praxis/logs/RQ6_EXPAND_camouflaged_c4_p2_18_browser.json,39055,101,48,53,0,21580,8547,30127,0.805166,62,0,0,0,1800,0,-1377,0,88,687,0,-263,0,-263,0,-582,0,-6,0,6,1988
RQ6_EXPAND_camouflaged_c4_p2_19,camouflaged_c4_p2,camouflaged,c4,2,none,standard_dns,1,/opt/praxis/pcaps/RQ6_EXPAND_camouflaged_c4_p2_19.pcap,/opt/praxis/logs/RQ6_EXPAND_camouflaged_c4_p2_19_browser.json,38575,95,46,49,0,21636,8539,30175,0.823043,56,0,0,0,1832,0,-1377,0,88,687,0,-263,0,-263,0,-216,0,-374,0,-6,0
RQ6_EXPAND_camouflaged_c4_p2_20,camouflaged_c4_p2,camouflaged,c4,2,none,standard_dns,1,/opt/praxis/pcaps/RQ6_EXPAND_camouflaged_c4_p2_20.pcap,/opt/praxis/logs/RQ6_EXPAND_camouflaged_c4_p2_20_browser.json,38959,100,48,52,0,21580,8539,30119,0.799973,60,0,0,0,1736,0,-1377,0,88,687,0,-263,0,-263,0,-216,0,-374,0,-6,0
